Workbook
Name LastHistYear: 2023
Name Years_Available: [1]Timeseries!$C$8:$AF$8

Sheet QAQC
B2: Quality Assurance and Quality Control
B4: Workbook Information
B5: File Name: | C5: 2021 National Energy Balance 1990-2021 (1st September 2022)
B6: Description of file: | C6: 1990-2021 Energy Balances frozen on 01-Sep-2022
B7: Status: (Draft/ Ongoing /Final)
B10: Versions
C11: Date | D11: High-Level Details
B12: V1.0 | C12: 44805 | D12: 1990-2021 Energy Balances frozen on 01-Sep-2022
B16: QA Checking
B17: Approved by: | C17: Lee Carroll
B18: Position: | C18: Head of SEAI Statistics Unit
B19: Approved date: | C19: 44805

Sheet Timeseries
AP4: =AP8-1990 -> 0 | AQ4: =AQ8-1990 -> 5 | AR4: =AR8-1990 -> 20 | AS4: =AS8-1990 -> 33 | AT4: =AT8-1990 -> 6 | AV4: =AV8-1990+1 -> 1 | AW4: =AW8-1990+1 -> 1 | AX4: =AX8-1990+1 -> 11 | AY4: =AY8-1990+1 -> 19 | AZ4: =AZ8-1990+1 -> 26 | BA4: =BA8-1990+1 -> 27
AV5: =AV9-1990+1 -> 33 | AW5: =AW9-1990+1 -> 11 | AX5: =AX9-1990+1 -> 19 | AY5: =AY9-1990+1 -> 23 | AZ5: =AZ9-1990+1 -> 30 | BA5: =BA9-1990+1 -> 35
AV6: =AV9-AV8 -> 32 | AW6: =AW9-AW8 -> 10 | AX6: =AX9-AX8 -> 8 | AY6: =AY9-AY8 -> 4 | AZ6: =AZ9-AZ8 -> 4 | BA6: =BA9-BA8 -> 8
E7: Time Series | AP7: % Shares | AV7: Average Annual Growth Rate %
D8: TJ | E8: 1990 | F8: =E8+1 -> 1991 | G8: =F8+1 -> 1992 | H8: =G8+1 -> 1993 | I8: =H8+1 -> 1994 | J8: =I8+1 -> 1995 | K8: =J8+1 -> 1996 | L8: =K8+1 -> 1997 | M8: =L8+1 -> 1998 | ... AM8: =AL8+1 -> 2024 | AP8: 1990 | AQ8: 1995 | AR8: 2010 | AS8: 2023 | AT8: 1996 | AV8: 1990 | AW8: 1990 | AX8: 2000 | AY8: 2008 | AZ8: 2015 | BA8: 2016
AV9: 2022 | AW9: 2000 | AX9: 2008 | AY9: 2012 | AZ9: 2019 | BA9: 2024
D10: Road Private Car
B11: 4 | E11: =SUM(E12,E17,E21,E36,E37,E49,E50,E51) -> 38778.282 | F11: =SUM(F12,F17,F21,F36,F37,F49,F50,F51) -> 41086.149 | G11: =SUM(G12,G17,G21,G36,G37,G49,G50,G51) -> 42361.606 | H11: =SUM(H12,H17,H21,H36,H37,H49,H50,H51) -> 44132.402 | I11: =SUM(I12,I17,I21,I36,I37,I49,I50,I51) -> 46636.339 | J11: =SUM(J12,J17,J21,J36,J37,J49,J50,J51) -> 49254.873 | K11: =SUM(K12,K17,K21,K36,K37,K49,K50,K51) -> 52720.822 | L11: =SUM(L12,L17,L21,L36,L37,L49,L50,L51) -> 56440.367 | ... AM11: =SUM(AM12,AM17,AM21,AM36,AM37,AM49,AM50,AM51) -> 90468.312 | AP11: =SUM(AP12,AP17,AP21,AP36,AP37,AP49,AP50,AP51) -> 1 | AQ11: =SUM(AQ12,AQ17,AQ21,AQ36,AQ37,AQ49,AQ50,AQ51) -> 1 | AR11: =SUM(AR12,AR17,AR21,AR36,AR37,AR49,AR50,AR51) -> 1 | AS11: =SUM(AS12,AS17,AS21,AS36,AS37,AS49,AS50,AS51) -> 1 | AT11: =SUM(AT12,AT17,AT21,AT36,AT37,AT49,AT50,AT51) -> 1 | AV11: =IFERROR(POWER(INDEX($E11:$AN11,AV$5)/INDEX($E11:$AN11,AV$4),1/AV$6)-1,) -> 0.024188392 | AW11: =IFERROR(POWER(INDEX($E11:$AN11,AW$5)/INDEX($E11:$AN11,AW$4),1/AW$6)-1,) -> 0.053673842 | AX11: =IFERROR(POWER(INDEX($E11:$AN11,AX$5)/INDEX($E11:$AN11,AX$4),1/AX$6)-1,) -> 0.038327434 | AY11: =IFERROR(POWER(INDEX($E11:$AN11,AY$5)/INDEX($E11:$AN11,AY$4),1/AY$6)-1,) -> -0.006706154 | AZ11: =IFERROR(POWER(INDEX($E11:$AN11,AZ$5)/INDEX($E11:$AN11,AZ$4),1/AZ$6)-1,) -> -0.0091672453 | BA11: =IFERROR(POWER(INDEX($E11:$AN11,BA$5)/INDEX($E11:$AN11,BA$4),1/BA$6)-1,) -> 0.0022584469
A12: =ADDRESS(MATCH($D10,'2021'!$A$1:$A$86,0),MATCH($D12,'2021'!$A$1:$AQ$1,0)) -> $C$48 | B12: =B11+1 -> 5 | D12: Coal | E12: =INDIRECT("'"&E$8&"'!"&$A12)*VLOOKUP($D$8,Tables!$C$1:$D$3,2,0) -> 0 | F12: =INDIRECT("'"&F$8&"'!"&$A12)*VLOOKUP($D$8,Tables!$C$1:$D$3,2,0) -> 0 | G12: =INDIRECT("'"&G$8&"'!"&$A12)*VLOOKUP($D$8,Tables!$C$1:$D$3,2,0) -> 0 | H12: =INDIRECT("'"&H$8&"'!"&$A12)*VLOOKUP($D$8,Tables!$C$1:$D$3,2,0) -> 0 | I12: =INDIRECT("'"&I$8&"'!"&$A12)*VLOOKUP($D$8,Tables!$C$1:$D$3,2,0) -> 0 | J12: =INDIRECT("'"&J$8&"'!"&$A12)*VLOOKUP($D$8,Tables!$C$1:$D$3,2,0) -> 0 | K12: =INDIRECT("'"&K$8&"'!"&$A12)*VLOOKUP($D$8,Tables!$C$1:$D$3,2,0) -> 0 | L12: =INDIRECT("'"&L$8&"'!"&$A12)*VLOOKUP($D$8,Tables!$C$1:$D$3,2,0) -> 0 | ... AM12: =INDIRECT("'"&AM$8&"'!"&$A12)*VLOOKUP($D$8,Tables!$C$1:$D$3,2,0) -> 0 | AP12: =HLOOKUP(AP$8,$E$8:$AP$230,$B12,0)/HLOOKUP(AP$8,$E$8:$AN$230,$B11,0) -> 0 | AQ12: =HLOOKUP(AQ$8,$E$8:$AP$230,$B12,0)/HLOOKUP(AQ$8,$E$8:$AN$230,$B11,0) -> 0 | AR12: =HLOOKUP(AR$8,$E$8:$AP$230,$B12,0)/HLOOKUP(AR$8,$E$8:$AN$230,$B11,0) -> 0 | AS12: =HLOOKUP(AS$8,$E$8:$AP$230,$B12,0)/HLOOKUP(AS$8,$E$8:$AN$230,$B11,0) -> 0 | AT12: =HLOOKUP(AT$8,$E$8:$AN$230,$B12,0)/HLOOKUP(AT$8,$E$8:$AN$230,$B11,0) -> 0 | AV12: =IFERROR(POWER(INDEX($E12:$AN12,AV$5)/INDEX($E12:$AN12,AV$4),1/AV$6)-1,) -> 0 | AW12: =IFERROR(POWER(INDEX($E12:$AN12,AW$5)/INDEX($E12:$AN12,AW$4),1/AW$6)-1,) -> 0 | AX12: =IFERROR(POWER(INDEX($E12:$AN12,AX$5)/INDEX($E12:$AN12,AX$4),1/AX$6)-1,) -> 0 | AY12: =IFERROR(POWER(INDEX($E12:$AN12,AY$5)/INDEX($E12:$AN12,AY$4),1/AY$6)-1,) -> 0 | AZ12: =IFERROR(POWER(INDEX($E12:$AN12,AZ$5)/INDEX($E12:$AN12,AZ$4),1/AZ$6)-1,) -> 0 | BA12: =IFERROR(POWER(INDEX($E12:$AN12,BA$5)/INDEX($E12:$AN12,BA$4),1/BA$6)-1,) -> 0
A13: =ADDRESS(MATCH($D10,'2021'!$A$1:$A$86,0),MATCH($D13,'2021'!$A$1:$AQ$1,0)) -> $D$48 | B13: =B12+1 -> 6 | D13: Bituminous Coal | E13: =INDIRECT("'"&E$8&"'!"&$A13)*VLOOKUP($D$8,Tables!$C$1:$D$3,2,0) -> 0 | F13: =INDIRECT("'"&F$8&"'!"&$A13)*VLOOKUP($D$8,Tables!$C$1:$D$3,2,0) -> 0 | G13: =INDIRECT("'"&G$8&"'!"&$A13)*VLOOKUP($D$8,Tables!$C$1:$D$3,2,0) -> 0 | H13: =INDIRECT("'"&H$8&"'!"&$A13)*VLOOKUP($D$8,Tables!$C$1:$D$3,2,0) -> 0 | I13: =INDIRECT("'"&I$8&"'!"&$A13)*VLOOKUP($D$8,Tables!$C$1:$D$3,2,0) -> 0 | J13: =INDIRECT("'"&J$8&"'!"&$A13)*VLOOKUP($D$8,Tables!$C$1:$D$3,2,0) -> 0 | K13: =INDIRECT("'"&K$8&"'!"&$A13)*VLOOKUP($D$8,Tables!$C$1:$D$3,2,0) -> 0 | L13: =INDIRECT("'"&L$8&"'!"&$A13)*VLOOKUP($D$8,Tables!$C$1:$D$3,2,0) -> 0 | ... AM13: =INDIRECT("'"&AM$8&"'!"&$A13)*VLOOKUP($D$8,Tables!$C$1:$D$3,2,0) -> 0 | AP13: =HLOOKUP(AP$8,$E$8:$AP$230,$B13,0)/HLOOKUP(AP$8,$E$8:$AN$230,$B11,0) -> 0 | AQ13: =HLOOKUP(AQ$8,$E$8:$AP$230,$B13,0)/HLOOKUP(AQ$8,$E$8:$AN$230,$B12,0) -> #DIV/0! | AR13: =HLOOKUP(AR$8,$E$8:$AP$230,$B13,0)/HLOOKUP(AR$8,$E$8:$AN$230,$B11,0) -> 0 | AS13: =HLOOKUP(AS$8,$E$8:$AP$230,$B13,0)/HLOOKUP(AS$8,$E$8:$AN$230,$B11,0) -> 0 | AT13: =HLOOKUP(AT$8,$E$8:$AP$230,$B13,0)/HLOOKUP(AT$8,$E$8:$AN$230,$B11,0) -> 0 | AV13: =IFERROR(POWER(INDEX($E13:$AN13,AV$5)/INDEX($E13:$AN13,AV$4),1/AV$6)-1,) -> 0 | AW13: =IFERROR(POWER(INDEX($E13:$AN13,AW$5)/INDEX($E13:$AN13,AW$4),1/AW$6)-1,) -> 0 | AX13: =IFERROR(POWER(INDEX($E13:$AN13,AX$5)/INDEX($E13:$AN13,AX$4),1/AX$6)-1,) -> 0 | AY13: =IFERROR(POWER(INDEX($E13:$AN13,AY$5)/INDEX($E13:$AN13,AY$4),1/AY$6)-1,) -> 0 | AZ13: =IFERROR(POWER(INDEX($E13:$AN13,AZ$5)/INDEX($E13:$AN13,AZ$4),1/AZ$6)-1,) -> 0 | BA13: =IFERROR(POWER(INDEX($E13:$AN13,BA$5)/INDEX($E13:$AN13,BA$4),1/BA$6)-1,) -> 0
A14: =ADDRESS(MATCH($D10,'2021'!$A$1:$A$86,0),MATCH($D14,'2021'!$A$1:$AQ$1,0)) -> $E$48 | B14: =B13+1 -> 7 | D14: Anthracite + Manufactured Ovoids | E14: =INDIRECT("'"&E$8&"'!"&$A14)*VLOOKUP($D$8,Tables!$C$1:$D$3,2,0) -> 0 | F14: =INDIRECT("'"&F$8&"'!"&$A14)*VLOOKUP($D$8,Tables!$C$1:$D$3,2,0) -> 0 | G14: =INDIRECT("'"&G$8&"'!"&$A14)*VLOOKUP($D$8,Tables!$C$1:$D$3,2,0) -> 0 | H14: =INDIRECT("'"&H$8&"'!"&$A14)*VLOOKUP($D$8,Tables!$C$1:$D$3,2,0) -> 0 | I14: =INDIRECT("'"&I$8&"'!"&$A14)*VLOOKUP($D$8,Tables!$C$1:$D$3,2,0) -> 0 | J14: =INDIRECT("'"&J$8&"'!"&$A14)*VLOOKUP($D$8,Tables!$C$1:$D$3,2,0) -> 0 | K14: =INDIRECT("'"&K$8&"'!"&$A14)*VLOOKUP($D$8,Tables!$C$1:$D$3,2,0) -> 0 | L14: =INDIRECT("'"&L$8&"'!"&$A14)*VLOOKUP($D$8,Tables!$C$1:$D$3,2,0) -> 0 | ... AM14: =INDIRECT("'"&AM$8&"'!"&$A14)*VLOOKUP($D$8,Tables!$C$1:$D$3,2,0) -> 0 | AP14: =HLOOKUP(AP$8,$E$8:$AP$230,$B14,0)/HLOOKUP(AP$8,$E$8:$AN$230,$B11,0) -> 0 | AQ14: =HLOOKUP(AQ$8,$E$8:$AP$230,$B14,0)/HLOOKUP(AQ$8,$E$8:$AN$230,$B13,0) -> #DIV/0! | AR14: =HLOOKUP(AR$8,$E$8:$AP$230,$B14,0)/HLOOKUP(AR$8,$E$8:$AN$230,$B11,0) -> 0 | AS14: =HLOOKUP(AS$8,$E$8:$AP$230,$B14,0)/HLOOKUP(AS$8,$E$8:$AN$230,$B11,0) -> 0 | AT14: =HLOOKUP(AT$8,$E$8:$AP$230,$B14,0)/HLOOKUP(AT$8,$E$8:$AN$230,$B11,0) -> 0 | AV14: =IFERROR(POWER(INDEX($E14:$AN14,AV$5)/INDEX($E14:$AN14,AV$4),1/AV$6)-1,) -> 0 | AW14: =IFERROR(POWER(INDEX($E14:$AN14,AW$5)/INDEX($E14:$AN14,AW$4),1/AW$6)-1,) -> 0 | AX14: =IFERROR(POWER(INDEX($E14:$AN14,AX$5)/INDEX($E14:$AN14,AX$4),1/AX$6)-1,) -> 0 | AY14: =IFERROR(POWER(INDEX($E14:$AN14,AY$5)/INDEX($E14:$AN14,AY$4),1/AY$6)-1,) -> 0 | AZ14: =IFERROR(POWER(INDEX($E14:$AN14,AZ$5)/INDEX($E14:$AN14,AZ$4),1/AZ$6)-1,) -> 0 | BA14: =IFERROR(POWER(INDEX($E14:$AN14,BA$5)/INDEX($E14:$AN14,BA$4),1/BA$6)-1,) -> 0
A15: =ADDRESS(MATCH($D10,'2021'!$A$1:$A$86,0),MATCH($D15,'2021'!$A$1:$AQ$1,0)) -> $F$48 | B15: =B14+1 -> 8 | D15: Coke | E15: =INDIRECT("'"&E$8&"'!"&$A15)*VLOOKUP($D$8,Tables!$C$1:$D$3,2,0) -> 0 | F15: =INDIRECT("'"&F$8&"'!"&$A15)*VLOOKUP($D$8,Tables!$C$1:$D$3,2,0) -> 0 | G15: =INDIRECT("'"&G$8&"'!"&$A15)*VLOOKUP($D$8,Tables!$C$1:$D$3,2,0) -> 0 | H15: =INDIRECT("'"&H$8&"'!"&$A15)*VLOOKUP($D$8,Tables!$C$1:$D$3,2,0) -> 0 | I15: =INDIRECT("'"&I$8&"'!"&$A15)*VLOOKUP($D$8,Tables!$C$1:$D$3,2,0) -> 0 | J15: =INDIRECT("'"&J$8&"'!"&$A15)*VLOOKUP($D$8,Tables!$C$1:$D$3,2,0) -> 0 | K15: =INDIRECT("'"&K$8&"'!"&$A15)*VLOOKUP($D$8,Tables!$C$1:$D$3,2,0) -> 0 | L15: =INDIRECT("'"&L$8&"'!"&$A15)*VLOOKUP($D$8,Tables!$C$1:$D$3,2,0) -> 0 | ... AM15: =INDIRECT("'"&AM$8&"'!"&$A15)*VLOOKUP($D$8,Tables!$C$1:$D$3,2,0) -> 0 | AP15: =HLOOKUP(AP$8,$E$8:$AP$230,$B15,0)/HLOOKUP(AP$8,$E$8:$AN$230,$B11,0) -> 0 | AQ15: =HLOOKUP(AQ$8,$E$8:$AP$230,$B15,0)/HLOOKUP(AQ$8,$E$8:$AN$230,$B14,0) -> #DIV/0! | AR15: =HLOOKUP(AR$8,$E$8:$AP$230,$B15,0)/HLOOKUP(AR$8,$E$8:$AN$230,$B11,0) -> 0 | AS15: =HLOOKUP(AS$8,$E$8:$AP$230,$B15,0)/HLOOKUP(AS$8,$E$8:$AN$230,$B11,0) -> 0 | AT15: =HLOOKUP(AT$8,$E$8:$AP$230,$B15,0)/HLOOKUP(AT$8,$E$8:$AN$230,$B11,0) -> 0 | AV15: =IFERROR(POWER(INDEX($E15:$AN15,AV$5)/INDEX($E15:$AN15,AV$4),1/AV$6)-1,) -> 0 | AW15: =IFERROR(POWER(INDEX($E15:$AN15,AW$5)/INDEX($E15:$AN15,AW$4),1/AW$6)-1,) -> 0 | AX15: =IFERROR(POWER(INDEX($E15:$AN15,AX$5)/INDEX($E15:$AN15,AX$4),1/AX$6)-1,) -> 0 | AY15: =IFERROR(POWER(INDEX($E15:$AN15,AY$5)/INDEX($E15:$AN15,AY$4),1/AY$6)-1,) -> 0 | AZ15: =IFERROR(POWER(INDEX($E15:$AN15,AZ$5)/INDEX($E15:$AN15,AZ$4),1/AZ$6)-1,) -> 0 | BA15: =IFERROR(POWER(INDEX($E15:$AN15,BA$5)/INDEX($E15:$AN15,BA$4),1/BA$6)-1,) -> 0
A16: =ADDRESS(MATCH($D10,'2021'!$A$1:$A$86,0),MATCH($D16,'2021'!$A$1:$AQ$1,0)) -> $G$48 | B16: =B15+1 -> 9 | D16: Lignite \ Brown Coal Briquettes | E16: =INDIRECT("'"&E$8&"'!"&$A16)*VLOOKUP($D$8,Tables!$C$1:$D$3,2,0) -> 0 | F16: =INDIRECT("'"&F$8&"'!"&$A16)*VLOOKUP($D$8,Tables!$C$1:$D$3,2,0) -> 0 | G16: =INDIRECT("'"&G$8&"'!"&$A16)*VLOOKUP($D$8,Tables!$C$1:$D$3,2,0) -> 0 | H16: =INDIRECT("'"&H$8&"'!"&$A16)*VLOOKUP($D$8,Tables!$C$1:$D$3,2,0) -> 0 | I16: =INDIRECT("'"&I$8&"'!"&$A16)*VLOOKUP($D$8,Tables!$C$1:$D$3,2,0) -> 0 | J16: =INDIRECT("'"&J$8&"'!"&$A16)*VLOOKUP($D$8,Tables!$C$1:$D$3,2,0) -> 0 | K16: =INDIRECT("'"&K$8&"'!"&$A16)*VLOOKUP($D$8,Tables!$C$1:$D$3,2,0) -> 0 | L16: =INDIRECT("'"&L$8&"'!"&$A16)*VLOOKUP($D$8,Tables!$C$1:$D$3,2,0) -> 0 | ... AM16: =INDIRECT("'"&AM$8&"'!"&$A16)*VLOOKUP($D$8,Tables!$C$1:$D$3,2,0) -> 0 | AP16: =HLOOKUP(AP$8,$E$8:$AP$230,$B16,0)/HLOOKUP(AP$8,$E$8:$AN$230,$B11,0) -> 0 | AQ16: =HLOOKUP(AQ$8,$E$8:$AP$230,$B16,0)/HLOOKUP(AQ$8,$E$8:$AN$230,$B15,0) -> #DIV/0! | AR16: =HLOOKUP(AR$8,$E$8:$AP$230,$B16,0)/HLOOKUP(AR$8,$E$8:$AN$230,$B11,0) -> 0 | AS16: =HLOOKUP(AS$8,$E$8:$AP$230,$B16,0)/HLOOKUP(AS$8,$E$8:$AN$230,$B11,0) -> 0 | AT16: =HLOOKUP(AT$8,$E$8:$AP$230,$B16,0)/HLOOKUP(AT$8,$E$8:$AN$230,$B11,0) -> 0 | AV16: =IFERROR(POWER(INDEX($E16:$AN16,AV$5)/INDEX($E16:$AN16,AV$4),1/AV$6)-1,) -> 0 | AW16: =IFERROR(POWER(INDEX($E16:$AN16,AW$5)/INDEX($E16:$AN16,AW$4),1/AW$6)-1,) -> 0 | AX16: =IFERROR(POWER(INDEX($E16:$AN16,AX$5)/INDEX($E16:$AN16,AX$4),1/AX$6)-1,) -> 0 | AY16: =IFERROR(POWER(INDEX($E16:$AN16,AY$5)/INDEX($E16:$AN16,AY$4),1/AY$6)-1,) -> 0 | AZ16: =IFERROR(POWER(INDEX($E16:$AN16,AZ$5)/INDEX($E16:$AN16,AZ$4),1/AZ$6)-1,) -> 0 | BA16: =IFERROR(POWER(INDEX($E16:$AN16,BA$5)/INDEX($E16:$AN16,BA$4),1/BA$6)-1,) -> 0
A17: =ADDRESS(MATCH($D10,'2021'!$A$1:$A$86,0),MATCH($D17,'2021'!$A$1:$AQ$1,0)) -> $H$48 | B17: =B16+1 -> 10 | D17: Peat | E17: =INDIRECT("'"&E$8&"'!"&$A17)*VLOOKUP($D$8,Tables!$C$1:$D$3,2,0) -> 0 | F17: =INDIRECT("'"&F$8&"'!"&$A17)*VLOOKUP($D$8,Tables!$C$1:$D$3,2,0) -> 0 | G17: =INDIRECT("'"&G$8&"'!"&$A17)*VLOOKUP($D$8,Tables!$C$1:$D$3,2,0) -> 0 | H17: =INDIRECT("'"&H$8&"'!"&$A17)*VLOOKUP($D$8,Tables!$C$1:$D$3,2,0) -> 0 | I17: =INDIRECT("'"&I$8&"'!"&$A17)*VLOOKUP($D$8,Tables!$C$1:$D$3,2,0) -> 0 | J17: =INDIRECT("'"&J$8&"'!"&$A17)*VLOOKUP($D$8,Tables!$C$1:$D$3,2,0) -> 0 | K17: =INDIRECT("'"&K$8&"'!"&$A17)*VLOOKUP($D$8,Tables!$C$1:$D$3,2,0) -> 0 | L17: =INDIRECT("'"&L$8&"'!"&$A17)*VLOOKUP($D$8,Tables!$C$1:$D$3,2,0) -> 0 | ... AM17: =INDIRECT("'"&AM$8&"'!"&$A17)*VLOOKUP($D$8,Tables!$C$1:$D$3,2,0) -> 0 | AP17: =HLOOKUP(AP$8,$E$8:$AP$230,$B17,0)/HLOOKUP(AP$8,$E$8:$AN$230,$B11,0) -> 0 | AQ17: =HLOOKUP(AQ$8,$E$8:$AP$230,$B17,0)/HLOOKUP(AQ$8,$E$8:$AN$230,$B11,0) -> 0 | AR17: =HLOOKUP(AR$8,$E$8:$AP$230,$B17,0)/HLOOKUP(AR$8,$E$8:$AN$230,$B11,0) -> 0 | AS17: =HLOOKUP(AS$8,$E$8:$AP$230,$B17,0)/HLOOKUP(AS$8,$E$8:$AN$230,$B11,0) -> 0 | AT17: =HLOOKUP(AT$8,$E$8:$AP$230,$B17,0)/HLOOKUP(AT$8,$E$8:$AN$230,$B11,0) -> 0 | AV17: =IFERROR(POWER(INDEX($E17:$AN17,AV$5)/INDEX($E17:$AN17,AV$4),1/AV$6)-1,) -> 0 | AW17: =IFERROR(POWER(INDEX($E17:$AN17,AW$5)/INDEX($E17:$AN17,AW$4),1/AW$6)-1,) -> 0 | AX17: =IFERROR(POWER(INDEX($E17:$AN17,AX$5)/INDEX($E17:$AN17,AX$4),1/AX$6)-1,) -> 0 | AY17: =IFERROR(POWER(INDEX($E17:$AN17,AY$5)/INDEX($E17:$AN17,AY$4),1/AY$6)-1,) -> 0 | AZ17: =IFERROR(POWER(INDEX($E17:$AN17,AZ$5)/INDEX($E17:$AN17,AZ$4),1/AZ$6)-1,) -> 0 | BA17: =IFERROR(POWER(INDEX($E17:$AN17,BA$5)/INDEX($E17:$AN17,BA$4),1/BA$6)-1,) -> 0
A18: =ADDRESS(MATCH($D10,'2021'!$A$1:$A$86,0),MATCH($D18,'2021'!$A$1:$AQ$1,0)) -> $I$48 | B18: =B17+1 -> 11 | D18: Milled Peat | E18: =INDIRECT("'"&E$8&"'!"&$A18)*VLOOKUP($D$8,Tables!$C$1:$D$3,2,0) -> 0 | F18: =INDIRECT("'"&F$8&"'!"&$A18)*VLOOKUP($D$8,Tables!$C$1:$D$3,2,0) -> 0 | G18: =INDIRECT("'"&G$8&"'!"&$A18)*VLOOKUP($D$8,Tables!$C$1:$D$3,2,0) -> 0 | H18: =INDIRECT("'"&H$8&"'!"&$A18)*VLOOKUP($D$8,Tables!$C$1:$D$3,2,0) -> 0 | I18: =INDIRECT("'"&I$8&"'!"&$A18)*VLOOKUP($D$8,Tables!$C$1:$D$3,2,0) -> 0 | J18: =INDIRECT("'"&J$8&"'!"&$A18)*VLOOKUP($D$8,Tables!$C$1:$D$3,2,0) -> 0 | K18: =INDIRECT("'"&K$8&"'!"&$A18)*VLOOKUP($D$8,Tables!$C$1:$D$3,2,0) -> 0 | L18: =INDIRECT("'"&L$8&"'!"&$A18)*VLOOKUP($D$8,Tables!$C$1:$D$3,2,0) -> 0 | ... AM18: =INDIRECT("'"&AM$8&"'!"&$A18)*VLOOKUP($D$8,Tables!$C$1:$D$3,2,0) -> 0 | AP18: =HLOOKUP(AP$8,$E$8:$AP$230,$B18,0)/HLOOKUP(AP$8,$E$8:$AN$230,$B11,0) -> 0 | AQ18: =HLOOKUP(AQ$8,$E$8:$AP$230,$B18,0)/HLOOKUP(AQ$8,$E$8:$AN$230,$B11,0) -> 0 | AR18: =HLOOKUP(AR$8,$E$8:$AP$230,$B18,0)/HLOOKUP(AR$8,$E$8:$AN$230,$B11,0) -> 0 | AS18: =HLOOKUP(AS$8,$E$8:$AP$230,$B18,0)/HLOOKUP(AS$8,$E$8:$AN$230,$B11,0) -> 0 | AT18: =HLOOKUP(AT$8,$E$8:$AP$230,$B18,0)/HLOOKUP(AT$8,$E$8:$AN$230,$B11,0) -> 0 | AV18: =IFERROR(POWER(INDEX($E18:$AN18,AV$5)/INDEX($E18:$AN18,AV$4),1/AV$6)-1,) -> 0 | AW18: =IFERROR(POWER(INDEX($E18:$AN18,AW$5)/INDEX($E18:$AN18,AW$4),1/AW$6)-1,) -> 0 | AX18: =IFERROR(POWER(INDEX($E18:$AN18,AX$5)/INDEX($E18:$AN18,AX$4),1/AX$6)-1,) -> 0 | AY18: =IFERROR(POWER(INDEX($E18:$AN18,AY$5)/INDEX($E18:$AN18,AY$4),1/AY$6)-1,) -> 0 | AZ18: =IFERROR(POWER(INDEX($E18:$AN18,AZ$5)/INDEX($E18:$AN18,AZ$4),1/AZ$6)-1,) -> 0 | BA18: =IFERROR(POWER(INDEX($E18:$AN18,BA$5)/INDEX($E18:$AN18,BA$4),1/BA$6)-1,) -> 0
A19: =ADDRESS(MATCH($D10,'2021'!$A$1:$A$86,0),MATCH($D19,'2021'!$A$1:$AQ$1,0)) -> $J$48 | B19: =B18+1 -> 12 | D19: Sod Peat | E19: =INDIRECT("'"&E$8&"'!"&$A19)*VLOOKUP($D$8,Tables!$C$1:$D$3,2,0) -> 0 | F19: =INDIRECT("'"&F$8&"'!"&$A19)*VLOOKUP($D$8,Tables!$C$1:$D$3,2,0) -> 0 | G19: =INDIRECT("'"&G$8&"'!"&$A19)*VLOOKUP($D$8,Tables!$C$1:$D$3,2,0) -> 0 | H19: =INDIRECT("'"&H$8&"'!"&$A19)*VLOOKUP($D$8,Tables!$C$1:$D$3,2,0) -> 0 | I19: =INDIRECT("'"&I$8&"'!"&$A19)*VLOOKUP($D$8,Tables!$C$1:$D$3,2,0) -> 0 | J19: =INDIRECT("'"&J$8&"'!"&$A19)*VLOOKUP($D$8,Tables!$C$1:$D$3,2,0) -> 0 | K19: =INDIRECT("'"&K$8&"'!"&$A19)*VLOOKUP($D$8,Tables!$C$1:$D$3,2,0) -> 0 | L19: =INDIRECT("'"&L$8&"'!"&$A19)*VLOOKUP($D$8,Tables!$C$1:$D$3,2,0) -> 0 | ... AM19: =INDIRECT("'"&AM$8&"'!"&$A19)*VLOOKUP($D$8,Tables!$C$1:$D$3,2,0) -> 0 | AP19: =HLOOKUP(AP$8,$E$8:$AP$230,$B19,0)/HLOOKUP(AP$8,$E$8:$AN$230,$B11,0) -> 0 | AQ19: =HLOOKUP(AQ$8,$E$8:$AP$230,$B19,0)/HLOOKUP(AQ$8,$E$8:$AN$230,$B11,0) -> 0 | AR19: =HLOOKUP(AR$8,$E$8:$AP$230,$B19,0)/HLOOKUP(AR$8,$E$8:$AN$230,$B11,0) -> 0 | AS19: =HLOOKUP(AS$8,$E$8:$AP$230,$B19,0)/HLOOKUP(AS$8,$E$8:$AN$230,$B11,0) -> 0 | AT19: =HLOOKUP(AT$8,$E$8:$AP$230,$B19,0)/HLOOKUP(AT$8,$E$8:$AN$230,$B11,0) -> 0 | AV19: =IFERROR(POWER(INDEX($E19:$AN19,AV$5)/INDEX($E19:$AN19,AV$4),1/AV$6)-1,) -> 0 | AW19: =IFERROR(POWER(INDEX($E19:$AN19,AW$5)/INDEX($E19:$AN19,AW$4),1/AW$6)-1,) -> 0 | AX19: =IFERROR(POWER(INDEX($E19:$AN19,AX$5)/INDEX($E19:$AN19,AX$4),1/AX$6)-1,) -> 0 | AY19: =IFERROR(POWER(INDEX($E19:$AN19,AY$5)/INDEX($E19:$AN19,AY$4),1/AY$6)-1,) -> 0 | AZ19: =IFERROR(POWER(INDEX($E19:$AN19,AZ$5)/INDEX($E19:$AN19,AZ$4),1/AZ$6)-1,) -> 0 | BA19: =IFERROR(POWER(INDEX($E19:$AN19,BA$5)/INDEX($E19:$AN19,BA$4),1/BA$6)-1,) -> 0
A20: =ADDRESS(MATCH($D10,'2021'!$A$1:$A$86,0),MATCH($D20,'2021'!$A$1:$AQ$1,0)) -> $K$48 | B20: =B19+1 -> 13 | D20: Briquettes | E20: =INDIRECT("'"&E$8&"'!"&$A20)*VLOOKUP($D$8,Tables!$C$1:$D$3,2,0) -> 0 | F20: =INDIRECT("'"&F$8&"'!"&$A20)*VLOOKUP($D$8,Tables!$C$1:$D$3,2,0) -> 0 | G20: =INDIRECT("'"&G$8&"'!"&$A20)*VLOOKUP($D$8,Tables!$C$1:$D$3,2,0) -> 0 | H20: =INDIRECT("'"&H$8&"'!"&$A20)*VLOOKUP($D$8,Tables!$C$1:$D$3,2,0) -> 0 | I20: =INDIRECT("'"&I$8&"'!"&$A20)*VLOOKUP($D$8,Tables!$C$1:$D$3,2,0) -> 0 | J20: =INDIRECT("'"&J$8&"'!"&$A20)*VLOOKUP($D$8,Tables!$C$1:$D$3,2,0) -> 0 | K20: =INDIRECT("'"&K$8&"'!"&$A20)*VLOOKUP($D$8,Tables!$C$1:$D$3,2,0) -> 0 | L20: =INDIRECT("'"&L$8&"'!"&$A20)*VLOOKUP($D$8,Tables!$C$1:$D$3,2,0) -> 0 | ... AM20: =INDIRECT("'"&AM$8&"'!"&$A20)*VLOOKUP($D$8,Tables!$C$1:$D$3,2,0) -> 0 | AP20: =HLOOKUP(AP$8,$E$8:$AP$230,$B20,0)/HLOOKUP(AP$8,$E$8:$AN$230,$B11,0) -> 0 | AQ20: =HLOOKUP(AQ$8,$E$8:$AP$230,$B20,0)/HLOOKUP(AQ$8,$E$8:$AN$230,$B11,0) -> 0 | AR20: =HLOOKUP(AR$8,$E$8:$AP$230,$B20,0)/HLOOKUP(AR$8,$E$8:$AN$230,$B11,0) -> 0 | AS20: =HLOOKUP(AS$8,$E$8:$AP$230,$B20,0)/HLOOKUP(AS$8,$E$8:$AN$230,$B11,0) -> 0 | AT20: =HLOOKUP(AT$8,$E$8:$AP$230,$B20,0)/HLOOKUP(AT$8,$E$8:$AN$230,$B11,0) -> 0 | AV20: =IFERROR(POWER(INDEX($E20:$AN20,AV$5)/INDEX($E20:$AN20,AV$4),1/AV$6)-1,) -> 0 | AW20: =IFERROR(POWER(INDEX($E20:$AN20,AW$5)/INDEX($E20:$AN20,AW$4),1/AW$6)-1,) -> 0 | AX20: =IFERROR(POWER(INDEX($E20:$AN20,AX$5)/INDEX($E20:$AN20,AX$4),1/AX$6)-1,) -> 0 | AY20: =IFERROR(POWER(INDEX($E20:$AN20,AY$5)/INDEX($E20:$AN20,AY$4),1/AY$6)-1,) -> 0 | AZ20: =IFERROR(POWER(INDEX($E20:$AN20,AZ$5)/INDEX($E20:$AN20,AZ$4),1/AZ$6)-1,) -> 0 | BA20: =IFERROR(POWER(INDEX($E20:$AN20,BA$5)/INDEX($E20:$AN20,BA$4),1/BA$6)-1,) -> 0
A21: =ADDRESS(MATCH($D10,'2021'!$A$1:$A$86,0),MATCH($D21,'2021'!$A$1:$AQ$1,0)) -> $L$48 | B21: =B20+1 -> 14 | D21: Oil | E21: =INDIRECT("'"&E$8&"'!"&$A21)*VLOOKUP($D$8,Tables!$C$1:$D$3,2,0) -> 38778.282 | F21: =INDIRECT("'"&F$8&"'!"&$A21)*VLOOKUP($D$8,Tables!$C$1:$D$3,2,0) -> 41086.149 | G21: =INDIRECT("'"&G$8&"'!"&$A21)*VLOOKUP($D$8,Tables!$C$1:$D$3,2,0) -> 42361.606 | H21: =INDIRECT("'"&H$8&"'!"&$A21)*VLOOKUP($D$8,Tables!$C$1:$D$3,2,0) -> 44132.402 | I21: =INDIRECT("'"&I$8&"'!"&$A21)*VLOOKUP($D$8,Tables!$C$1:$D$3,2,0) -> 46636.339 | J21: =INDIRECT("'"&J$8&"'!"&$A21)*VLOOKUP($D$8,Tables!$C$1:$D$3,2,0) -> 49254.873 | K21: =INDIRECT("'"&K$8&"'!"&$A21)*VLOOKUP($D$8,Tables!$C$1:$D$3,2,0) -> 52720.822 | L21: =INDIRECT("'"&L$8&"'!"&$A21)*VLOOKUP($D$8,Tables!$C$1:$D$3,2,0) -> 56440.367 | ... AM21: =INDIRECT("'"&AM$8&"'!"&$A21)*VLOOKUP($D$8,Tables!$C$1:$D$3,2,0) -> 82062.355 | AP21: =HLOOKUP(AP$8,$E$8:$AP$230,$B21,0)/HLOOKUP(AP$8,$E$8:$AN$230,$B11,0) -> 1 | AQ21: =HLOOKUP(AQ$8,$E$8:$AP$230,$B21,0)/HLOOKUP(AQ$8,$E$8:$AN$230,$B11,0) -> 1 | AR21: =HLOOKUP(AR$8,$E$8:$AP$230,$B21,0)/HLOOKUP(AR$8,$E$8:$AN$230,$B11,0) -> 0.97628196 | AS21: =HLOOKUP(AS$8,$E$8:$AP$230,$B21,0)/HLOOKUP(AS$8,$E$8:$AN$230,$B11,0) -> 0.92004593 | AT21: =HLOOKUP(AT$8,$E$8:$AP$230,$B21,0)/HLOOKUP(AT$8,$E$8:$AN$230,$B11,0) -> 1 | AV21: =IFERROR(POWER(INDEX($E21:$AN21,AV$5)/INDEX($E21:$AN21,AV$4),1/AV$6)-1,) -> 0.022142598 | AW21: =IFERROR(POWER(INDEX($E21:$AN21,AW$5)/INDEX($E21:$AN21,AW$4),1/AW$6)-1,) -> 0.053673842 | AX21: =IFERROR(POWER(INDEX($E21:$AN21,AX$5)/INDEX($E21:$AN21,AX$4),1/AX$6)-1,) -> 0.036738054 | AY21: =IFERROR(POWER(INDEX($E21:$AN21,AY$5)/INDEX($E21:$AN21,AY$4),1/AY$6)-1,) -> -0.0096086791 | AZ21: =IFERROR(POWER(INDEX($E21:$AN21,AZ$5)/INDEX($E21:$AN21,AZ$4),1/AZ$6)-1,) -> -0.012865516 | BA21: =IFERROR(POWER(INDEX($E21:$AN21,BA$5)/INDEX($E21:$AN21,BA$4),1/BA$6)-1,) -> -0.0060480713
A22: =ADDRESS(MATCH($D10,'2021'!$A$1:$A$86,0),MATCH($D22,'2021'!$A$1:$AQ$1,0)) -> $M$48 | B22: =B21+1 -> 15 | D22: Crude | E22: =INDIRECT("'"&E$8&"'!"&$A22)*VLOOKUP($D$8,Tables!$C$1:$D$3,2,0) -> 0 | F22: =INDIRECT("'"&F$8&"'!"&$A22)*VLOOKUP($D$8,Tables!$C$1:$D$3,2,0) -> 0 | G22: =INDIRECT("'"&G$8&"'!"&$A22)*VLOOKUP($D$8,Tables!$C$1:$D$3,2,0) -> 0 | H22: =INDIRECT("'"&H$8&"'!"&$A22)*VLOOKUP($D$8,Tables!$C$1:$D$3,2,0) -> 0 | I22: =INDIRECT("'"&I$8&"'!"&$A22)*VLOOKUP($D$8,Tables!$C$1:$D$3,2,0) -> 0 | J22: =INDIRECT("'"&J$8&"'!"&$A22)*VLOOKUP($D$8,Tables!$C$1:$D$3,2,0) -> 0 | K22: =INDIRECT("'"&K$8&"'!"&$A22)*VLOOKUP($D$8,Tables!$C$1:$D$3,2,0) -> 0 | L22: =INDIRECT("'"&L$8&"'!"&$A22)*VLOOKUP($D$8,Tables!$C$1:$D$3,2,0) -> 0 | ... AM22: =INDIRECT("'"&AM$8&"'!"&$A22)*VLOOKUP($D$8,Tables!$C$1:$D$3,2,0) -> 0 | AP22: =HLOOKUP(AP$8,$E$8:$AP$230,$B22,0)/HLOOKUP(AP$8,$E$8:$AN$230,$B11,0) -> 0 | AQ22: =HLOOKUP(AQ$8,$E$8:$AP$230,$B22,0)/HLOOKUP(AQ$8,$E$8:$AN$230,$B11,0) -> 0 | AR22: =HLOOKUP(AR$8,$E$8:$AP$230,$B22,0)/HLOOKUP(AR$8,$E$8:$AN$230,$B11,0) -> 0 | AS22: =HLOOKUP(AS$8,$E$8:$AP$230,$B22,0)/HLOOKUP(AS$8,$E$8:$AN$230,$B11,0) -> 0 | AT22: =HLOOKUP(AT$8,$E$8:$AP$230,$B22,0)/HLOOKUP(AT$8,$E$8:$AN$230,$B11,0) -> 0 | AV22: =IFERROR(POWER(INDEX($E22:$AN22,AV$5)/INDEX($E22:$AN22,AV$4),1/AV$6)-1,) -> 0 | AW22: =IFERROR(POWER(INDEX($E22:$AN22,AW$5)/INDEX($E22:$AN22,AW$4),1/AW$6)-1,) -> 0 | AX22: =IFERROR(POWER(INDEX($E22:$AN22,AX$5)/INDEX($E22:$AN22,AX$4),1/AX$6)-1,) -> 0 | AY22: =IFERROR(POWER(INDEX($E22:$AN22,AY$5)/INDEX($E22:$AN22,AY$4),1/AY$6)-1,) -> 0 | AZ22: =IFERROR(POWER(INDEX($E22:$AN22,AZ$5)/INDEX($E22:$AN22,AZ$4),1/AZ$6)-1,) -> 0 | BA22: =IFERROR(POWER(INDEX($E22:$AN22,BA$5)/INDEX($E22:$AN22,BA$4),1/BA$6)-1,) -> 0
A23: =ADDRESS(MATCH($D10,'2021'!$A$1:$A$86,0),MATCH($D23,'2021'!$A$1:$AQ$1,0)) -> $N$48 | B23: =B22+1 -> 16 | D23: Refinery Feedstocks | E23: =INDIRECT("'"&E$8&"'!"&$A23)*VLOOKUP($D$8,Tables!$C$1:$D$3,2,0) -> 0 | F23: =INDIRECT("'"&F$8&"'!"&$A23)*VLOOKUP($D$8,Tables!$C$1:$D$3,2,0) -> 0 | G23: =INDIRECT("'"&G$8&"'!"&$A23)*VLOOKUP($D$8,Tables!$C$1:$D$3,2,0) -> 0 | H23: =INDIRECT("'"&H$8&"'!"&$A23)*VLOOKUP($D$8,Tables!$C$1:$D$3,2,0) -> 0 | I23: =INDIRECT("'"&I$8&"'!"&$A23)*VLOOKUP($D$8,Tables!$C$1:$D$3,2,0) -> 0 | J23: =INDIRECT("'"&J$8&"'!"&$A23)*VLOOKUP($D$8,Tables!$C$1:$D$3,2,0) -> 0 | K23: =INDIRECT("'"&K$8&"'!"&$A23)*VLOOKUP($D$8,Tables!$C$1:$D$3,2,0) -> 0 | L23: =INDIRECT("'"&L$8&"'!"&$A23)*VLOOKUP($D$8,Tables!$C$1:$D$3,2,0) -> 0 | ... AM23: =INDIRECT("'"&AM$8&"'!"&$A23)*VLOOKUP($D$8,Tables!$C$1:$D$3,2,0) -> 0 | AP23: =HLOOKUP(AP$8,$E$8:$AP$230,$B23,0)/HLOOKUP(AP$8,$E$8:$AN$230,$B11,0) -> 0 | AQ23: =HLOOKUP(AQ$8,$E$8:$AP$230,$B23,0)/HLOOKUP(AQ$8,$E$8:$AN$230,$B11,0) -> 0 | AR23: =HLOOKUP(AR$8,$E$8:$AP$230,$B23,0)/HLOOKUP(AR$8,$E$8:$AN$230,$B11,0) -> 0 | AS23: =HLOOKUP(AS$8,$E$8:$AP$230,$B23,0)/HLOOKUP(AS$8,$E$8:$AN$230,$B11,0) -> 0 | AT23: =HLOOKUP(AT$8,$E$8:$AP$230,$B23,0)/HLOOKUP(AT$8,$E$8:$AN$230,$B11,0) -> 0 | AV23: =IFERROR(POWER(INDEX($E23:$AN23,AV$5)/INDEX($E23:$AN23,AV$4),1/AV$6)-1,) -> 0 | AW23: =IFERROR(POWER(INDEX($E23:$AN23,AW$5)/INDEX($E23:$AN23,AW$4),1/AW$6)-1,) -> 0 | AX23: =IFERROR(POWER(INDEX($E23:$AN23,AX$5)/INDEX($E23:$AN23,AX$4),1/AX$6)-1,) -> 0 | AY23: =IFERROR(POWER(INDEX($E23:$AN23,AY$5)/INDEX($E23:$AN23,AY$4),1/AY$6)-1,) -> 0 | AZ23: =IFERROR(POWER(INDEX($E23:$AN23,AZ$5)/INDEX($E23:$AN23,AZ$4),1/AZ$6)-1,) -> 0 | BA23: =IFERROR(POWER(INDEX($E23:$AN23,BA$5)/INDEX($E23:$AN23,BA$4),1/BA$6)-1,) -> 0
A24: =ADDRESS(MATCH($D10,'2021'!$A$1:$A$86,0),MATCH($D24,'2021'!$A$1:$AQ$1,0)) -> $O$48 | B24: =B23+1 -> 17 | D24: Refinery Gas | E24: =INDIRECT("'"&E$8&"'!"&$A24)*VLOOKUP($D$8,Tables!$C$1:$D$3,2,0) -> 0 | F24: =INDIRECT("'"&F$8&"'!"&$A24)*VLOOKUP($D$8,Tables!$C$1:$D$3,2,0) -> 0 | G24: =INDIRECT("'"&G$8&"'!"&$A24)*VLOOKUP($D$8,Tables!$C$1:$D$3,2,0) -> 0 | H24: =INDIRECT("'"&H$8&"'!"&$A24)*VLOOKUP($D$8,Tables!$C$1:$D$3,2,0) -> 0 | I24: =INDIRECT("'"&I$8&"'!"&$A24)*VLOOKUP($D$8,Tables!$C$1:$D$3,2,0) -> 0 | J24: =INDIRECT("'"&J$8&"'!"&$A24)*VLOOKUP($D$8,Tables!$C$1:$D$3,2,0) -> 0 | K24: =INDIRECT("'"&K$8&"'!"&$A24)*VLOOKUP($D$8,Tables!$C$1:$D$3,2,0) -> 0 | L24: =INDIRECT("'"&L$8&"'!"&$A24)*VLOOKUP($D$8,Tables!$C$1:$D$3,2,0) -> 0 | ... AM24: =INDIRECT("'"&AM$8&"'!"&$A24)*VLOOKUP($D$8,Tables!$C$1:$D$3,2,0) -> 0 | AP24: =HLOOKUP(AP$8,$E$8:$AP$230,$B24,0)/HLOOKUP(AP$8,$E$8:$AN$230,$B11,0) -> 0 | AQ24: =HLOOKUP(AQ$8,$E$8:$AP$230,$B24,0)/HLOOKUP(AQ$8,$E$8:$AN$230,$B11,0) -> 0 | AR24: =HLOOKUP(AR$8,$E$8:$AP$230,$B24,0)/HLOOKUP(AR$8,$E$8:$AN$230,$B11,0) -> 0 | AS24: =HLOOKUP(AS$8,$E$8:$AP$230,$B24,0)/HLOOKUP(AS$8,$E$8:$AN$230,$B11,0) -> 0 | AT24: =HLOOKUP(AT$8,$E$8:$AP$230,$B24,0)/HLOOKUP(AT$8,$E$8:$AN$230,$B11,0) -> 0 | AV24: =IFERROR(POWER(INDEX($E24:$AN24,AV$5)/INDEX($E24:$AN24,AV$4),1/AV$6)-1,) -> 0 | AW24: =IFERROR(POWER(INDEX($E24:$AN24,AW$5)/INDEX($E24:$AN24,AW$4),1/AW$6)-1,) -> 0 | AX24: =IFERROR(POWER(INDEX($E24:$AN24,AX$5)/INDEX($E24:$AN24,AX$4),1/AX$6)-1,) -> 0 | AY24: =IFERROR(POWER(INDEX($E24:$AN24,AY$5)/INDEX($E24:$AN24,AY$4),1/AY$6)-1,) -> 0 | AZ24: =IFERROR(POWER(INDEX($E24:$AN24,AZ$5)/INDEX($E24:$AN24,AZ$4),1/AZ$6)-1,) -> 0 | BA24: =IFERROR(POWER(INDEX($E24:$AN24,BA$5)/INDEX($E24:$AN24,BA$4),1/BA$6)-1,) -> 0
A25: =ADDRESS(MATCH($D10,'2021'!$A$1:$A$86,0),MATCH($D25,'2021'!$A$1:$AQ$1,0)) -> $P$48 | B25: =B24+1 -> 18 | D25: Gasoline | E25: =INDIRECT("'"&E$8&"'!"&$A25)*VLOOKUP($D$8,Tables!$C$1:$D$3,2,0) -> 33320.484 | F25: =INDIRECT("'"&F$8&"'!"&$A25)*VLOOKUP($D$8,Tables!$C$1:$D$3,2,0) -> 34438.177 | G25: =INDIRECT("'"&G$8&"'!"&$A25)*VLOOKUP($D$8,Tables!$C$1:$D$3,2,0) -> 35000.306 | H25: =INDIRECT("'"&H$8&"'!"&$A25)*VLOOKUP($D$8,Tables!$C$1:$D$3,2,0) -> 35956.856 | I25: =INDIRECT("'"&I$8&"'!"&$A25)*VLOOKUP($D$8,Tables!$C$1:$D$3,2,0) -> 37617.257 | J25: =INDIRECT("'"&J$8&"'!"&$A25)*VLOOKUP($D$8,Tables!$C$1:$D$3,2,0) -> 39471.401 | K25: =INDIRECT("'"&K$8&"'!"&$A25)*VLOOKUP($D$8,Tables!$C$1:$D$3,2,0) -> 42058.284 | L25: =INDIRECT("'"&L$8&"'!"&$A25)*VLOOKUP($D$8,Tables!$C$1:$D$3,2,0) -> 45037.068 | ... AM25: =INDIRECT("'"&AM$8&"'!"&$A25)*VLOOKUP($D$8,Tables!$C$1:$D$3,2,0) -> 28383.159 | AP25: =HLOOKUP(AP$8,$E$8:$AP$230,$B25,0)/HLOOKUP(AP$8,$E$8:$AN$230,$B11,0) -> 0.85925633 | AQ25: =HLOOKUP(AQ$8,$E$8:$AP$230,$B25,0)/HLOOKUP(AQ$8,$E$8:$AN$230,$B11,0) -> 0.80137047 | AR25: =HLOOKUP(AR$8,$E$8:$AP$230,$B25,0)/HLOOKUP(AR$8,$E$8:$AN$230,$B11,0) -> 0.63790281 | AS25: =HLOOKUP(AS$8,$E$8:$AP$230,$B25,0)/HLOOKUP(AS$8,$E$8:$AN$230,$B11,0) -> 0.31627225 | AT25: =HLOOKUP(AT$8,$E$8:$AP$230,$B25,0)/HLOOKUP(AT$8,$E$8:$AN$230,$B11,0) -> 0.79775471 | AV25: =IFERROR(POWER(INDEX($E25:$AN25,AV$5)/INDEX($E25:$AN25,AV$4),1/AV$6)-1,) -> -0.0082834424 | AW25: =IFERROR(POWER(INDEX($E25:$AN25,AW$5)/INDEX($E25:$AN25,AW$4),1/AW$6)-1,) -> 0.047800061 | AX25: =IFERROR(POWER(INDEX($E25:$AN25,AX$5)/INDEX($E25:$AN25,AX$4),1/AX$6)-1,) -> 0.021979339 | AY25: =IFERROR(POWER(INDEX($E25:$AN25,AY$5)/INDEX($E25:$AN25,AY$4),1/AY$6)-1,) -> -0.069740168 | AZ25: =IFERROR(POWER(INDEX($E25:$AN25,AZ$5)/INDEX($E25:$AN25,AZ$4),1/AZ$6)-1,) -> -0.099423346 | BA25: =IFERROR(POWER(INDEX($E25:$AN25,BA$5)/INDEX($E25:$AN25,BA$4),1/BA$6)-1,) -> -0.026571897
A26: =ADDRESS(MATCH($D10,'2021'!$A$1:$A$86,0),MATCH($D26,'2021'!$A$1:$AQ$1,0)) -> $Q$48 | B26: =B25+1 -> 19 | D26: Kerosene | E26: =INDIRECT("'"&E$8&"'!"&$A26)*VLOOKUP($D$8,Tables!$C$1:$D$3,2,0) -> 0 | F26: =INDIRECT("'"&F$8&"'!"&$A26)*VLOOKUP($D$8,Tables!$C$1:$D$3,2,0) -> 0 | G26: =INDIRECT("'"&G$8&"'!"&$A26)*VLOOKUP($D$8,Tables!$C$1:$D$3,2,0) -> 0 | H26: =INDIRECT("'"&H$8&"'!"&$A26)*VLOOKUP($D$8,Tables!$C$1:$D$3,2,0) -> 0 | I26: =INDIRECT("'"&I$8&"'!"&$A26)*VLOOKUP($D$8,Tables!$C$1:$D$3,2,0) -> 0 | J26: =INDIRECT("'"&J$8&"'!"&$A26)*VLOOKUP($D$8,Tables!$C$1:$D$3,2,0) -> 0 | K26: =INDIRECT("'"&K$8&"'!"&$A26)*VLOOKUP($D$8,Tables!$C$1:$D$3,2,0) -> 0 | L26: =INDIRECT("'"&L$8&"'!"&$A26)*VLOOKUP($D$8,Tables!$C$1:$D$3,2,0) -> 0 | ... AM26: =INDIRECT("'"&AM$8&"'!"&$A26)*VLOOKUP($D$8,Tables!$C$1:$D$3,2,0) -> 0 | AP26: =HLOOKUP(AP$8,$E$8:$AP$230,$B26,0)/HLOOKUP(AP$8,$E$8:$AN$230,$B11,0) -> 0 | AQ26: =HLOOKUP(AQ$8,$E$8:$AP$230,$B26,0)/HLOOKUP(AQ$8,$E$8:$AN$230,$B11,0) -> 0 | AR26: =HLOOKUP(AR$8,$E$8:$AP$230,$B26,0)/HLOOKUP(AR$8,$E$8:$AN$230,$B11,0) -> 0 | AS26: =HLOOKUP(AS$8,$E$8:$AP$230,$B26,0)/HLOOKUP(AS$8,$E$8:$AN$230,$B11,0) -> 0 | AT26: =HLOOKUP(AT$8,$E$8:$AP$230,$B26,0)/HLOOKUP(AT$8,$E$8:$AN$230,$B11,0) -> 0 | AV26: =IFERROR(POWER(INDEX($E26:$AN26,AV$5)/INDEX($E26:$AN26,AV$4),1/AV$6)-1,) -> 0 | AW26: =IFERROR(POWER(INDEX($E26:$AN26,AW$5)/INDEX($E26:$AN26,AW$4),1/AW$6)-1,) -> 0 | AX26: =IFERROR(POWER(INDEX($E26:$AN26,AX$5)/INDEX($E26:$AN26,AX$4),1/AX$6)-1,) -> 0 | AY26: =IFERROR(POWER(INDEX($E26:$AN26,AY$5)/INDEX($E26:$AN26,AY$4),1/AY$6)-1,) -> 0 | AZ26: =IFERROR(POWER(INDEX($E26:$AN26,AZ$5)/INDEX($E26:$AN26,AZ$4),1/AZ$6)-1,) -> 0 | BA26: =IFERROR(POWER(INDEX($E26:$AN26,BA$5)/INDEX($E26:$AN26,BA$4),1/BA$6)-1,) -> 0
A27: =ADDRESS(MATCH($D10,'2021'!$A$1:$A$86,0),MATCH($D27,'2021'!$A$1:$AQ$1,0)) -> $R$48 | B27: =B26+1 -> 20 | D27: Jet Kerosene | E27: =INDIRECT("'"&E$8&"'!"&$A27)*VLOOKUP($D$8,Tables!$C$1:$D$3,2,0) -> 0 | F27: =INDIRECT("'"&F$8&"'!"&$A27)*VLOOKUP($D$8,Tables!$C$1:$D$3,2,0) -> 0 | G27: =INDIRECT("'"&G$8&"'!"&$A27)*VLOOKUP($D$8,Tables!$C$1:$D$3,2,0) -> 0 | H27: =INDIRECT("'"&H$8&"'!"&$A27)*VLOOKUP($D$8,Tables!$C$1:$D$3,2,0) -> 0 | I27: =INDIRECT("'"&I$8&"'!"&$A27)*VLOOKUP($D$8,Tables!$C$1:$D$3,2,0) -> 0 | J27: =INDIRECT("'"&J$8&"'!"&$A27)*VLOOKUP($D$8,Tables!$C$1:$D$3,2,0) -> 0 | K27: =INDIRECT("'"&K$8&"'!"&$A27)*VLOOKUP($D$8,Tables!$C$1:$D$3,2,0) -> 0 | L27: =INDIRECT("'"&L$8&"'!"&$A27)*VLOOKUP($D$8,Tables!$C$1:$D$3,2,0) -> 0 | ... AM27: =INDIRECT("'"&AM$8&"'!"&$A27)*VLOOKUP($D$8,Tables!$C$1:$D$3,2,0) -> 0 | AP27: =HLOOKUP(AP$8,$E$8:$AP$230,$B27,0)/HLOOKUP(AP$8,$E$8:$AN$230,$B11,0) -> 0 | AQ27: =HLOOKUP(AQ$8,$E$8:$AP$230,$B27,0)/HLOOKUP(AQ$8,$E$8:$AN$230,$B11,0) -> 0 | AR27: =HLOOKUP(AR$8,$E$8:$AP$230,$B27,0)/HLOOKUP(AR$8,$E$8:$AN$230,$B11,0) -> 0 | AS27: =HLOOKUP(AS$8,$E$8:$AP$230,$B27,0)/HLOOKUP(AS$8,$E$8:$AN$230,$B11,0) -> 0 | AT27: =HLOOKUP(AT$8,$E$8:$AP$230,$B27,0)/HLOOKUP(AT$8,$E$8:$AN$230,$B11,0) -> 0 | AV27: =IFERROR(POWER(INDEX($E27:$AN27,AV$5)/INDEX($E27:$AN27,AV$4),1/AV$6)-1,) -> 0 | AW27: =IFERROR(POWER(INDEX($E27:$AN27,AW$5)/INDEX($E27:$AN27,AW$4),1/AW$6)-1,) -> 0 | AX27: =IFERROR(POWER(INDEX($E27:$AN27,AX$5)/INDEX($E27:$AN27,AX$4),1/AX$6)-1,) -> 0 | AY27: =IFERROR(POWER(INDEX($E27:$AN27,AY$5)/INDEX($E27:$AN27,AY$4),1/AY$6)-1,) -> 0 | AZ27: =IFERROR(POWER(INDEX($E27:$AN27,AZ$5)/INDEX($E27:$AN27,AZ$4),1/AZ$6)-1,) -> 0 | BA27: =IFERROR(POWER(INDEX($E27:$AN27,BA$5)/INDEX($E27:$AN27,BA$4),1/BA$6)-1,) -> 0
A28: =ADDRESS(MATCH($D10,'2021'!$A$1:$A$86,0),MATCH($D28,'2021'!$A$1:$AQ$1,0)) -> $S$48 | B28: =B27+1 -> 21 | D28: Fueloil | E28: =INDIRECT("'"&E$8&"'!"&$A28)*VLOOKUP($D$8,Tables!$C$1:$D$3,2,0) -> 0 | F28: =INDIRECT("'"&F$8&"'!"&$A28)*VLOOKUP($D$8,Tables!$C$1:$D$3,2,0) -> 0 | G28: =INDIRECT("'"&G$8&"'!"&$A28)*VLOOKUP($D$8,Tables!$C$1:$D$3,2,0) -> 0 | H28: =INDIRECT("'"&H$8&"'!"&$A28)*VLOOKUP($D$8,Tables!$C$1:$D$3,2,0) -> 0 | I28: =INDIRECT("'"&I$8&"'!"&$A28)*VLOOKUP($D$8,Tables!$C$1:$D$3,2,0) -> 0 | J28: =INDIRECT("'"&J$8&"'!"&$A28)*VLOOKUP($D$8,Tables!$C$1:$D$3,2,0) -> 0 | K28: =INDIRECT("'"&K$8&"'!"&$A28)*VLOOKUP($D$8,Tables!$C$1:$D$3,2,0) -> 0 | L28: =INDIRECT("'"&L$8&"'!"&$A28)*VLOOKUP($D$8,Tables!$C$1:$D$3,2,0) -> 0 | ... AM28: =INDIRECT("'"&AM$8&"'!"&$A28)*VLOOKUP($D$8,Tables!$C$1:$D$3,2,0) -> 0 | AP28: =HLOOKUP(AP$8,$E$8:$AP$230,$B28,0)/HLOOKUP(AP$8,$E$8:$AN$230,$B11,0) -> 0 | AQ28: =HLOOKUP(AQ$8,$E$8:$AP$230,$B28,0)/HLOOKUP(AQ$8,$E$8:$AN$230,$B11,0) -> 0 | AR28: =HLOOKUP(AR$8,$E$8:$AP$230,$B28,0)/HLOOKUP(AR$8,$E$8:$AN$230,$B11,0) -> 0 | AS28: =HLOOKUP(AS$8,$E$8:$AP$230,$B28,0)/HLOOKUP(AS$8,$E$8:$AN$230,$B11,0) -> 0 | AT28: =HLOOKUP(AT$8,$E$8:$AP$230,$B28,0)/HLOOKUP(AT$8,$E$8:$AN$230,$B11,0) -> 0 | AV28: =IFERROR(POWER(INDEX($E28:$AN28,AV$5)/INDEX($E28:$AN28,AV$4),1/AV$6)-1,) -> 0 | AW28: =IFERROR(POWER(INDEX($E28:$AN28,AW$5)/INDEX($E28:$AN28,AW$4),1/AW$6)-1,) -> 0 | AX28: =IFERROR(POWER(INDEX($E28:$AN28,AX$5)/INDEX($E28:$AN28,AX$4),1/AX$6)-1,) -> 0 | AY28: =IFERROR(POWER(INDEX($E28:$AN28,AY$5)/INDEX($E28:$AN28,AY$4),1/AY$6)-1,) -> 0 | AZ28: =IFERROR(POWER(INDEX($E28:$AN28,AZ$5)/INDEX($E28:$AN28,AZ$4),1/AZ$6)-1,) -> 0 | BA28: =IFERROR(POWER(INDEX($E28:$AN28,BA$5)/INDEX($E28:$AN28,BA$4),1/BA$6)-1,) -> 0
A29: =ADDRESS(MATCH($D10,'2021'!$A$1:$A$86,0),MATCH($D29,'2021'!$A$1:$AQ$1,0)) -> $T$48 | B29: =B28+1 -> 22 | D29: LPG | E29: =INDIRECT("'"&E$8&"'!"&$A29)*VLOOKUP($D$8,Tables!$C$1:$D$3,2,0) -> 290.96329 | F29: =INDIRECT("'"&F$8&"'!"&$A29)*VLOOKUP($D$8,Tables!$C$1:$D$3,2,0) -> 328.08364 | G29: =INDIRECT("'"&G$8&"'!"&$A29)*VLOOKUP($D$8,Tables!$C$1:$D$3,2,0) -> 332.04076 | H29: =INDIRECT("'"&H$8&"'!"&$A29)*VLOOKUP($D$8,Tables!$C$1:$D$3,2,0) -> 319.70986 | I29: =INDIRECT("'"&I$8&"'!"&$A29)*VLOOKUP($D$8,Tables!$C$1:$D$3,2,0) -> 299.89872 | J29: =INDIRECT("'"&J$8&"'!"&$A29)*VLOOKUP($D$8,Tables!$C$1:$D$3,2,0) -> 252.36221 | K29: =INDIRECT("'"&K$8&"'!"&$A29)*VLOOKUP($D$8,Tables!$C$1:$D$3,2,0) -> 197.85606 | L29: =INDIRECT("'"&L$8&"'!"&$A29)*VLOOKUP($D$8,Tables!$C$1:$D$3,2,0) -> 168.31806 | ... AM29: =INDIRECT("'"&AM$8&"'!"&$A29)*VLOOKUP($D$8,Tables!$C$1:$D$3,2,0) -> 30.708225 | AP29: =HLOOKUP(AP$8,$E$8:$AP$230,$B29,0)/HLOOKUP(AP$8,$E$8:$AN$230,$B11,0) -> 0.0075032536 | AQ29: =HLOOKUP(AQ$8,$E$8:$AP$230,$B29,0)/HLOOKUP(AQ$8,$E$8:$AN$230,$B11,0) -> 0.0051235988 | AR29: =HLOOKUP(AR$8,$E$8:$AP$230,$B29,0)/HLOOKUP(AR$8,$E$8:$AN$230,$B11,0) -> 0.00025569739 | AS29: =HLOOKUP(AS$8,$E$8:$AP$230,$B29,0)/HLOOKUP(AS$8,$E$8:$AN$230,$B11,0) -> 0.00055966038 | AT29: =HLOOKUP(AT$8,$E$8:$AP$230,$B29,0)/HLOOKUP(AT$8,$E$8:$AN$230,$B11,0) -> 0.0037529016 | AV29: =IFERROR(POWER(INDEX($E29:$AN29,AV$5)/INDEX($E29:$AN29,AV$4),1/AV$6)-1,) -> -0.044458423 | AW29: =IFERROR(POWER(INDEX($E29:$AN29,AW$5)/INDEX($E29:$AN29,AW$4),1/AW$6)-1,) -> -0.1094202 | AX29: =IFERROR(POWER(INDEX($E29:$AN29,AX$5)/INDEX($E29:$AN29,AX$4),1/AX$6)-1,) -> -0.10475448 | AY29: =IFERROR(POWER(INDEX($E29:$AN29,AY$5)/INDEX($E29:$AN29,AY$4),1/AY$6)-1,) -> 0.026690739 | AZ29: =IFERROR(POWER(INDEX($E29:$AN29,AZ$5)/INDEX($E29:$AN29,AZ$4),1/AZ$6)-1,) -> -0.10421642 | BA29: =IFERROR(POWER(INDEX($E29:$AN29,BA$5)/INDEX($E29:$AN29,BA$4),1/BA$6)-1,) -> -0.14417549
A30: =ADDRESS(MATCH($D10,'2021'!$A$1:$A$86,0),MATCH($D30,'2021'!$A$1:$AQ$1,0)) -> $U$48 | B30: =B29+1 -> 23 | D30: Gasoil / Diesel /DERV | E30: =INDIRECT("'"&E$8&"'!"&$A30)*VLOOKUP($D$8,Tables!$C$1:$D$3,2,0) -> 5166.8345 | F30: =INDIRECT("'"&F$8&"'!"&$A30)*VLOOKUP($D$8,Tables!$C$1:$D$3,2,0) -> 6319.888 | G30: =INDIRECT("'"&G$8&"'!"&$A30)*VLOOKUP($D$8,Tables!$C$1:$D$3,2,0) -> 7029.2588 | H30: =INDIRECT("'"&H$8&"'!"&$A30)*VLOOKUP($D$8,Tables!$C$1:$D$3,2,0) -> 7855.8369 | I30: =INDIRECT("'"&I$8&"'!"&$A30)*VLOOKUP($D$8,Tables!$C$1:$D$3,2,0) -> 8719.183 | J30: =INDIRECT("'"&J$8&"'!"&$A30)*VLOOKUP($D$8,Tables!$C$1:$D$3,2,0) -> 9531.1101 | K30: =INDIRECT("'"&K$8&"'!"&$A30)*VLOOKUP($D$8,Tables!$C$1:$D$3,2,0) -> 10464.682 | L30: =INDIRECT("'"&L$8&"'!"&$A30)*VLOOKUP($D$8,Tables!$C$1:$D$3,2,0) -> 11234.981 | ... AM30: =INDIRECT("'"&AM$8&"'!"&$A30)*VLOOKUP($D$8,Tables!$C$1:$D$3,2,0) -> 53648.487 | AP30: =HLOOKUP(AP$8,$E$8:$AP$230,$B30,0)/HLOOKUP(AP$8,$E$8:$AN$230,$B11,0) -> 0.13324042 | AQ30: =HLOOKUP(AQ$8,$E$8:$AP$230,$B30,0)/HLOOKUP(AQ$8,$E$8:$AN$230,$B11,0) -> 0.19350593 | AR30: =HLOOKUP(AR$8,$E$8:$AP$230,$B30,0)/HLOOKUP(AR$8,$E$8:$AN$230,$B11,0) -> 0.33812344 | AS30: =HLOOKUP(AS$8,$E$8:$AP$230,$B30,0)/HLOOKUP(AS$8,$E$8:$AN$230,$B11,0) -> 0.60321402 | AT30: =HLOOKUP(AT$8,$E$8:$AP$230,$B30,0)/HLOOKUP(AT$8,$E$8:$AN$230,$B11,0) -> 0.19849239 | AV30: =IFERROR(POWER(INDEX($E30:$AN30,AV$5)/INDEX($E30:$AN30,AV$4),1/AV$6)-1,) -> 0.075178296 | AW30: =IFERROR(POWER(INDEX($E30:$AN30,AW$5)/INDEX($E30:$AN30,AW$4),1/AW$6)-1,) -> 0.08945357 | AX30: =IFERROR(POWER(INDEX($E30:$AN30,AX$5)/INDEX($E30:$AN30,AX$4),1/AX$6)-1,) -> 0.088665283 | AY30: =IFERROR(POWER(INDEX($E30:$AN30,AY$5)/INDEX($E30:$AN30,AY$4),1/AY$6)-1,) -> 0.11098352 | AZ30: =IFERROR(POWER(INDEX($E30:$AN30,AZ$5)/INDEX($E30:$AN30,AZ$4),1/AZ$6)-1,) -> 0.045025385 | BA30: =IFERROR(POWER(INDEX($E30:$AN30,BA$5)/INDEX($E30:$AN30,BA$4),1/BA$6)-1,) -> 0.0067700374
A31: =ADDRESS(MATCH($D10,'2021'!$A$1:$A$86,0),MATCH($D31,'2021'!$A$1:$AQ$1,0)) -> $V$48 | B31: =B30+1 -> 24 | D31: Petroleum Coke | E31: =INDIRECT("'"&E$8&"'!"&$A31)*VLOOKUP($D$8,Tables!$C$1:$D$3,2,0) -> 0 | F31: =INDIRECT("'"&F$8&"'!"&$A31)*VLOOKUP($D$8,Tables!$C$1:$D$3,2,0) -> 0 | G31: =INDIRECT("'"&G$8&"'!"&$A31)*VLOOKUP($D$8,Tables!$C$1:$D$3,2,0) -> 0 | H31: =INDIRECT("'"&H$8&"'!"&$A31)*VLOOKUP($D$8,Tables!$C$1:$D$3,2,0) -> 0 | I31: =INDIRECT("'"&I$8&"'!"&$A31)*VLOOKUP($D$8,Tables!$C$1:$D$3,2,0) -> 0 | J31: =INDIRECT("'"&J$8&"'!"&$A31)*VLOOKUP($D$8,Tables!$C$1:$D$3,2,0) -> 0 | K31: =INDIRECT("'"&K$8&"'!"&$A31)*VLOOKUP($D$8,Tables!$C$1:$D$3,2,0) -> 0 | L31: =INDIRECT("'"&L$8&"'!"&$A31)*VLOOKUP($D$8,Tables!$C$1:$D$3,2,0) -> 0 | ... AM31: =INDIRECT("'"&AM$8&"'!"&$A31)*VLOOKUP($D$8,Tables!$C$1:$D$3,2,0) -> 0 | AP31: =HLOOKUP(AP$8,$E$8:$AP$230,$B31,0)/HLOOKUP(AP$8,$E$8:$AN$230,$B11,0) -> 0 | AQ31: =HLOOKUP(AQ$8,$E$8:$AP$230,$B31,0)/HLOOKUP(AQ$8,$E$8:$AN$230,$B11,0) -> 0 | AR31: =HLOOKUP(AR$8,$E$8:$AP$230,$B31,0)/HLOOKUP(AR$8,$E$8:$AN$230,$B11,0) -> 0 | AS31: =HLOOKUP(AS$8,$E$8:$AP$230,$B31,0)/HLOOKUP(AS$8,$E$8:$AN$230,$B11,0) -> 0 | AT31: =HLOOKUP(AT$8,$E$8:$AP$230,$B31,0)/HLOOKUP(AT$8,$E$8:$AN$230,$B11,0) -> 0 | AV31: =IFERROR(POWER(INDEX($E31:$AN31,AV$5)/INDEX($E31:$AN31,AV$4),1/AV$6)-1,) -> 0 | AW31: =IFERROR(POWER(INDEX($E31:$AN31,AW$5)/INDEX($E31:$AN31,AW$4),1/AW$6)-1,) -> 0 | AX31: =IFERROR(POWER(INDEX($E31:$AN31,AX$5)/INDEX($E31:$AN31,AX$4),1/AX$6)-1,) -> 0 | AY31: =IFERROR(POWER(INDEX($E31:$AN31,AY$5)/INDEX($E31:$AN31,AY$4),1/AY$6)-1,) -> 0 | AZ31: =IFERROR(POWER(INDEX($E31:$AN31,AZ$5)/INDEX($E31:$AN31,AZ$4),1/AZ$6)-1,) -> 0 | BA31: =IFERROR(POWER(INDEX($E31:$AN31,BA$5)/INDEX($E31:$AN31,BA$4),1/BA$6)-1,) -> 0
A32: =ADDRESS(MATCH($D10,'2021'!$A$1:$A$86,0),MATCH($D32,'2021'!$A$1:$AQ$1,0)) -> $W$48 | B32: =B31+1 -> 25 | D32: Naphta | E32: =INDIRECT("'"&E$8&"'!"&$A32)*VLOOKUP($D$8,Tables!$C$1:$D$3,2,0) -> 0 | F32: =INDIRECT("'"&F$8&"'!"&$A32)*VLOOKUP($D$8,Tables!$C$1:$D$3,2,0) -> 0 | G32: =INDIRECT("'"&G$8&"'!"&$A32)*VLOOKUP($D$8,Tables!$C$1:$D$3,2,0) -> 0 | H32: =INDIRECT("'"&H$8&"'!"&$A32)*VLOOKUP($D$8,Tables!$C$1:$D$3,2,0) -> 0 | I32: =INDIRECT("'"&I$8&"'!"&$A32)*VLOOKUP($D$8,Tables!$C$1:$D$3,2,0) -> 0 | J32: =INDIRECT("'"&J$8&"'!"&$A32)*VLOOKUP($D$8,Tables!$C$1:$D$3,2,0) -> 0 | K32: =INDIRECT("'"&K$8&"'!"&$A32)*VLOOKUP($D$8,Tables!$C$1:$D$3,2,0) -> 0 | L32: =INDIRECT("'"&L$8&"'!"&$A32)*VLOOKUP($D$8,Tables!$C$1:$D$3,2,0) -> 0 | ... AM32: =INDIRECT("'"&AM$8&"'!"&$A32)*VLOOKUP($D$8,Tables!$C$1:$D$3,2,0) -> 0 | AP32: =HLOOKUP(AP$8,$E$8:$AP$230,$B32,0)/HLOOKUP(AP$8,$E$8:$AN$230,$B11,0) -> 0 | AQ32: =HLOOKUP(AQ$8,$E$8:$AP$230,$B32,0)/HLOOKUP(AQ$8,$E$8:$AN$230,$B11,0) -> 0 | AR32: =HLOOKUP(AR$8,$E$8:$AP$230,$B32,0)/HLOOKUP(AR$8,$E$8:$AN$230,$B11,0) -> 0 | AS32: =HLOOKUP(AS$8,$E$8:$AP$230,$B32,0)/HLOOKUP(AS$8,$E$8:$AN$230,$B11,0) -> 0 | AT32: =HLOOKUP(AT$8,$E$8:$AP$230,$B32,0)/HLOOKUP(AT$8,$E$8:$AN$230,$B11,0) -> 0 | AV32: =IFERROR(POWER(INDEX($E32:$AN32,AV$5)/INDEX($E32:$AN32,AV$4),1/AV$6)-1,) -> 0 | AW32: =IFERROR(POWER(INDEX($E32:$AN32,AW$5)/INDEX($E32:$AN32,AW$4),1/AW$6)-1,) -> 0 | AX32: =IFERROR(POWER(INDEX($E32:$AN32,AX$5)/INDEX($E32:$AN32,AX$4),1/AX$6)-1,) -> 0 | AY32: =IFERROR(POWER(INDEX($E32:$AN32,AY$5)/INDEX($E32:$AN32,AY$4),1/AY$6)-1,) -> 0 | AZ32: =IFERROR(POWER(INDEX($E32:$AN32,AZ$5)/INDEX($E32:$AN32,AZ$4),1/AZ$6)-1,) -> 0 | BA32: =IFERROR(POWER(INDEX($E32:$AN32,BA$5)/INDEX($E32:$AN32,BA$4),1/BA$6)-1,) -> 0
A33: =ADDRESS(MATCH($D10,'2021'!$A$1:$A$86,0),MATCH($D33,'2021'!$A$1:$AQ$1,0)) -> $X$48 | B33: =B32+1 -> 26 | D33: Bitumen | E33: =INDIRECT("'"&E$8&"'!"&$A33)*VLOOKUP($D$8,Tables!$C$1:$D$3,2,0) -> 0 | F33: =INDIRECT("'"&F$8&"'!"&$A33)*VLOOKUP($D$8,Tables!$C$1:$D$3,2,0) -> 0 | G33: =INDIRECT("'"&G$8&"'!"&$A33)*VLOOKUP($D$8,Tables!$C$1:$D$3,2,0) -> 0 | H33: =INDIRECT("'"&H$8&"'!"&$A33)*VLOOKUP($D$8,Tables!$C$1:$D$3,2,0) -> 0 | I33: =INDIRECT("'"&I$8&"'!"&$A33)*VLOOKUP($D$8,Tables!$C$1:$D$3,2,0) -> 0 | J33: =INDIRECT("'"&J$8&"'!"&$A33)*VLOOKUP($D$8,Tables!$C$1:$D$3,2,0) -> 0 | K33: =INDIRECT("'"&K$8&"'!"&$A33)*VLOOKUP($D$8,Tables!$C$1:$D$3,2,0) -> 0 | L33: =INDIRECT("'"&L$8&"'!"&$A33)*VLOOKUP($D$8,Tables!$C$1:$D$3,2,0) -> 0 | ... AM33: =INDIRECT("'"&AM$8&"'!"&$A33)*VLOOKUP($D$8,Tables!$C$1:$D$3,2,0) -> 0 | AP33: =HLOOKUP(AP$8,$E$8:$AP$230,$B33,0)/HLOOKUP(AP$8,$E$8:$AN$230,$B11,0) -> 0 | AQ33: =HLOOKUP(AQ$8,$E$8:$AP$230,$B33,0)/HLOOKUP(AQ$8,$E$8:$AN$230,$B11,0) -> 0 | AR33: =HLOOKUP(AR$8,$E$8:$AP$230,$B33,0)/HLOOKUP(AR$8,$E$8:$AN$230,$B11,0) -> 0 | AS33: =HLOOKUP(AS$8,$E$8:$AP$230,$B33,0)/HLOOKUP(AS$8,$E$8:$AN$230,$B11,0) -> 0 | AT33: =HLOOKUP(AT$8,$E$8:$AP$230,$B33,0)/HLOOKUP(AT$8,$E$8:$AN$230,$B11,0) -> 0 | AV33: =IFERROR(POWER(INDEX($E33:$AN33,AV$5)/INDEX($E33:$AN33,AV$4),1/AV$6)-1,) -> 0 | AW33: =IFERROR(POWER(INDEX($E33:$AN33,AW$5)/INDEX($E33:$AN33,AW$4),1/AW$6)-1,) -> 0 | AX33: =IFERROR(POWER(INDEX($E33:$AN33,AX$5)/INDEX($E33:$AN33,AX$4),1/AX$6)-1,) -> 0 | AY33: =IFERROR(POWER(INDEX($E33:$AN33,AY$5)/INDEX($E33:$AN33,AY$4),1/AY$6)-1,) -> 0 | AZ33: =IFERROR(POWER(INDEX($E33:$AN33,AZ$5)/INDEX($E33:$AN33,AZ$4),1/AZ$6)-1,) -> 0 | BA33: =IFERROR(POWER(INDEX($E33:$AN33,BA$5)/INDEX($E33:$AN33,BA$4),1/BA$6)-1,) -> 0
A34: =ADDRESS(MATCH($D10,'2021'!$A$1:$A$86,0),MATCH($D34,'2021'!$A$1:$AQ$1,0)) -> $Y$48 | B34: =B33+1 -> 27 | D34: White Spirit | E34: =INDIRECT("'"&E$8&"'!"&$A34)*VLOOKUP($D$8,Tables!$C$1:$D$3,2,0) -> 0 | F34: =INDIRECT("'"&F$8&"'!"&$A34)*VLOOKUP($D$8,Tables!$C$1:$D$3,2,0) -> 0 | G34: =INDIRECT("'"&G$8&"'!"&$A34)*VLOOKUP($D$8,Tables!$C$1:$D$3,2,0) -> 0 | H34: =INDIRECT("'"&H$8&"'!"&$A34)*VLOOKUP($D$8,Tables!$C$1:$D$3,2,0) -> 0 | I34: =INDIRECT("'"&I$8&"'!"&$A34)*VLOOKUP($D$8,Tables!$C$1:$D$3,2,0) -> 0 | J34: =INDIRECT("'"&J$8&"'!"&$A34)*VLOOKUP($D$8,Tables!$C$1:$D$3,2,0) -> 0 | K34: =INDIRECT("'"&K$8&"'!"&$A34)*VLOOKUP($D$8,Tables!$C$1:$D$3,2,0) -> 0 | L34: =INDIRECT("'"&L$8&"'!"&$A34)*VLOOKUP($D$8,Tables!$C$1:$D$3,2,0) -> 0 | ... AM34: =INDIRECT("'"&AM$8&"'!"&$A34)*VLOOKUP($D$8,Tables!$C$1:$D$3,2,0) -> 0 | AP34: =HLOOKUP(AP$8,$E$8:$AP$230,$B34,0)/HLOOKUP(AP$8,$E$8:$AN$230,$B11,0) -> 0 | AQ34: =HLOOKUP(AQ$8,$E$8:$AP$230,$B34,0)/HLOOKUP(AQ$8,$E$8:$AN$230,$B11,0) -> 0 | AR34: =HLOOKUP(AR$8,$E$8:$AP$230,$B34,0)/HLOOKUP(AR$8,$E$8:$AN$230,$B11,0) -> 0 | AS34: =HLOOKUP(AS$8,$E$8:$AP$230,$B34,0)/HLOOKUP(AS$8,$E$8:$AN$230,$B11,0) -> 0 | AT34: =HLOOKUP(AT$8,$E$8:$AP$230,$B34,0)/HLOOKUP(AT$8,$E$8:$AN$230,$B11,0) -> 0 | AV34: =IFERROR(POWER(INDEX($E34:$AN34,AV$5)/INDEX($E34:$AN34,AV$4),1/AV$6)-1,) -> 0 | AW34: =IFERROR(POWER(INDEX($E34:$AN34,AW$5)/INDEX($E34:$AN34,AW$4),1/AW$6)-1,) -> 0 | AX34: =IFERROR(POWER(INDEX($E34:$AN34,AX$5)/INDEX($E34:$AN34,AX$4),1/AX$6)-1,) -> 0 | AY34: =IFERROR(POWER(INDEX($E34:$AN34,AY$5)/INDEX($E34:$AN34,AY$4),1/AY$6)-1,) -> 0 | AZ34: =IFERROR(POWER(INDEX($E34:$AN34,AZ$5)/INDEX($E34:$AN34,AZ$4),1/AZ$6)-1,) -> 0 | BA34: =IFERROR(POWER(INDEX($E34:$AN34,BA$5)/INDEX($E34:$AN34,BA$4),1/BA$6)-1,) -> 0
A35: =ADDRESS(MATCH($D10,'2021'!$A$1:$A$86,0),MATCH($D35,'2021'!$A$1:$AQ$1,0)) -> $Z$48 | B35: =B34+1 -> 28 | D35: Lubricants | E35: =INDIRECT("'"&E$8&"'!"&$A35)*VLOOKUP($D$8,Tables!$C$1:$D$3,2,0) -> 0 | F35: =INDIRECT("'"&F$8&"'!"&$A35)*VLOOKUP($D$8,Tables!$C$1:$D$3,2,0) -> 0 | G35: =INDIRECT("'"&G$8&"'!"&$A35)*VLOOKUP($D$8,Tables!$C$1:$D$3,2,0) -> 0 | H35: =INDIRECT("'"&H$8&"'!"&$A35)*VLOOKUP($D$8,Tables!$C$1:$D$3,2,0) -> 0 | I35: =INDIRECT("'"&I$8&"'!"&$A35)*VLOOKUP($D$8,Tables!$C$1:$D$3,2,0) -> 0 | J35: =INDIRECT("'"&J$8&"'!"&$A35)*VLOOKUP($D$8,Tables!$C$1:$D$3,2,0) -> 0 | K35: =INDIRECT("'"&K$8&"'!"&$A35)*VLOOKUP($D$8,Tables!$C$1:$D$3,2,0) -> 0 | L35: =INDIRECT("'"&L$8&"'!"&$A35)*VLOOKUP($D$8,Tables!$C$1:$D$3,2,0) -> 0 | ... AM35: =INDIRECT("'"&AM$8&"'!"&$A35)*VLOOKUP($D$8,Tables!$C$1:$D$3,2,0) -> 0 | AP35: =HLOOKUP(AP$8,$E$8:$AP$230,$B35,0)/HLOOKUP(AP$8,$E$8:$AN$230,$B11,0) -> 0 | AQ35: =HLOOKUP(AQ$8,$E$8:$AP$230,$B35,0)/HLOOKUP(AQ$8,$E$8:$AN$230,$B11,0) -> 0 | AR35: =HLOOKUP(AR$8,$E$8:$AP$230,$B35,0)/HLOOKUP(AR$8,$E$8:$AN$230,$B11,0) -> 0 | AS35: =HLOOKUP(AS$8,$E$8:$AP$230,$B35,0)/HLOOKUP(AS$8,$E$8:$AN$230,$B11,0) -> 0 | AT35: =HLOOKUP(AT$8,$E$8:$AP$230,$B35,0)/HLOOKUP(AT$8,$E$8:$AN$230,$B11,0) -> 0 | AV35: =IFERROR(POWER(INDEX($E35:$AN35,AV$5)/INDEX($E35:$AN35,AV$4),1/AV$6)-1,) -> 0 | AW35: =IFERROR(POWER(INDEX($E35:$AN35,AW$5)/INDEX($E35:$AN35,AW$4),1/AW$6)-1,) -> 0 | AX35: =IFERROR(POWER(INDEX($E35:$AN35,AX$5)/INDEX($E35:$AN35,AX$4),1/AX$6)-1,) -> 0 | AY35: =IFERROR(POWER(INDEX($E35:$AN35,AY$5)/INDEX($E35:$AN35,AY$4),1/AY$6)-1,) -> 0 | AZ35: =IFERROR(POWER(INDEX($E35:$AN35,AZ$5)/INDEX($E35:$AN35,AZ$4),1/AZ$6)-1,) -> 0 | BA35: =IFERROR(POWER(INDEX($E35:$AN35,BA$5)/INDEX($E35:$AN35,BA$4),1/BA$6)-1,) -> 0
A36: =ADDRESS(MATCH($D10,'2021'!$A$1:$A$86,0),MATCH($D36,'2021'!$A$1:$AQ$1,0)) -> $AA$48 | B36: =B35+1 -> 29 | D36: Natural Gas | E36: =INDIRECT("'"&E$8&"'!"&$A36)*VLOOKUP($D$8,Tables!$C$1:$D$3,2,0) -> 0 | F36: =INDIRECT("'"&F$8&"'!"&$A36)*VLOOKUP($D$8,Tables!$C$1:$D$3,2,0) -> 0 | G36: =INDIRECT("'"&G$8&"'!"&$A36)*VLOOKUP($D$8,Tables!$C$1:$D$3,2,0) -> 0 | H36: =INDIRECT("'"&H$8&"'!"&$A36)*VLOOKUP($D$8,Tables!$C$1:$D$3,2,0) -> 0 | I36: =INDIRECT("'"&I$8&"'!"&$A36)*VLOOKUP($D$8,Tables!$C$1:$D$3,2,0) -> 0 | J36: =INDIRECT("'"&J$8&"'!"&$A36)*VLOOKUP($D$8,Tables!$C$1:$D$3,2,0) -> 0 | K36: =INDIRECT("'"&K$8&"'!"&$A36)*VLOOKUP($D$8,Tables!$C$1:$D$3,2,0) -> 0 | L36: =INDIRECT("'"&L$8&"'!"&$A36)*VLOOKUP($D$8,Tables!$C$1:$D$3,2,0) -> 0 | ... AM36: =INDIRECT("'"&AM$8&"'!"&$A36)*VLOOKUP($D$8,Tables!$C$1:$D$3,2,0) -> 0 | AP36: =HLOOKUP(AP$8,$E$8:$AP$230,$B36,0)/HLOOKUP(AP$8,$E$8:$AN$230,$B11,0) -> 0 | AQ36: =HLOOKUP(AQ$8,$E$8:$AP$230,$B36,0)/HLOOKUP(AQ$8,$E$8:$AN$230,$B11,0) -> 0 | AR36: =HLOOKUP(AR$8,$E$8:$AP$230,$B36,0)/HLOOKUP(AR$8,$E$8:$AN$230,$B11,0) -> 0 | AS36: =HLOOKUP(AS$8,$E$8:$AP$230,$B36,0)/HLOOKUP(AS$8,$E$8:$AN$230,$B11,0) -> 0 | AT36: =HLOOKUP(AT$8,$E$8:$AP$230,$B36,0)/HLOOKUP(AT$8,$E$8:$AN$230,$B11,0) -> 0 | AV36: =IFERROR(POWER(INDEX($E36:$AN36,AV$5)/INDEX($E36:$AN36,AV$4),1/AV$6)-1,) -> 0 | AW36: =IFERROR(POWER(INDEX($E36:$AN36,AW$5)/INDEX($E36:$AN36,AW$4),1/AW$6)-1,) -> 0 | AX36: =IFERROR(POWER(INDEX($E36:$AN36,AX$5)/INDEX($E36:$AN36,AX$4),1/AX$6)-1,) -> 0 | AY36: =IFERROR(POWER(INDEX($E36:$AN36,AY$5)/INDEX($E36:$AN36,AY$4),1/AY$6)-1,) -> 0 | AZ36: =IFERROR(POWER(INDEX($E36:$AN36,AZ$5)/INDEX($E36:$AN36,AZ$4),1/AZ$6)-1,) -> 0 | BA36: =IFERROR(POWER(INDEX($E36:$AN36,BA$5)/INDEX($E36:$AN36,BA$4),1/BA$6)-1,) -> 0
A37: =ADDRESS(MATCH($D10,'2021'!$A$1:$A$86,0),MATCH($D37,'2021'!$A$1:$AQ$1,0)) -> $AB$48 | B37: =B36+1 -> 30 | D37: Renewables | E37: =INDIRECT("'"&E$8&"'!"&$A37)*VLOOKUP($D$8,Tables!$C$1:$D$3,2,0) -> 0 | F37: =INDIRECT("'"&F$8&"'!"&$A37)*VLOOKUP($D$8,Tables!$C$1:$D$3,2,0) -> 0 | G37: =INDIRECT("'"&G$8&"'!"&$A37)*VLOOKUP($D$8,Tables!$C$1:$D$3,2,0) -> 0 | H37: =INDIRECT("'"&H$8&"'!"&$A37)*VLOOKUP($D$8,Tables!$C$1:$D$3,2,0) -> 0 | I37: =INDIRECT("'"&I$8&"'!"&$A37)*VLOOKUP($D$8,Tables!$C$1:$D$3,2,0) -> 0 | J37: =INDIRECT("'"&J$8&"'!"&$A37)*VLOOKUP($D$8,Tables!$C$1:$D$3,2,0) -> 0 | K37: =INDIRECT("'"&K$8&"'!"&$A37)*VLOOKUP($D$8,Tables!$C$1:$D$3,2,0) -> 0 | L37: =INDIRECT("'"&L$8&"'!"&$A37)*VLOOKUP($D$8,Tables!$C$1:$D$3,2,0) -> 0 | ... AM37: =INDIRECT("'"&AM$8&"'!"&$A37)*VLOOKUP($D$8,Tables!$C$1:$D$3,2,0) -> 7128.2307 | AP37: =HLOOKUP(AP$8,$E$8:$AP$230,$B37,0)/HLOOKUP(AP$8,$E$8:$AN$230,$B11,0) -> 0 | AQ37: =HLOOKUP(AQ$8,$E$8:$AP$230,$B37,0)/HLOOKUP(AQ$8,$E$8:$AN$230,$B11,0) -> 0 | AR37: =HLOOKUP(AR$8,$E$8:$AP$230,$B37,0)/HLOOKUP(AR$8,$E$8:$AN$230,$B11,0) -> 0.023718044 | AS37: =HLOOKUP(AS$8,$E$8:$AP$230,$B37,0)/HLOOKUP(AS$8,$E$8:$AN$230,$B11,0) -> 0.069218177 | AT37: =HLOOKUP(AT$8,$E$8:$AP$230,$B37,0)/HLOOKUP(AT$8,$E$8:$AN$230,$B11,0) -> 0 | AV37: =IFERROR(POWER(INDEX($E37:$AN37,AV$5)/INDEX($E37:$AN37,AV$4),1/AV$6)-1,) -> 0 | AW37: =IFERROR(POWER(INDEX($E37:$AN37,AW$5)/INDEX($E37:$AN37,AW$4),1/AW$6)-1,) -> 0 | AX37: =IFERROR(POWER(INDEX($E37:$AN37,AX$5)/INDEX($E37:$AN37,AX$4),1/AX$6)-1,) -> 0 | AY37: =IFERROR(POWER(INDEX($E37:$AN37,AY$5)/INDEX($E37:$AN37,AY$4),1/AY$6)-1,) -> 0.17258943 | AZ37: =IFERROR(POWER(INDEX($E37:$AN37,AZ$5)/INDEX($E37:$AN37,AZ$4),1/AZ$6)-1,) -> 0.081129015 | BA37: =IFERROR(POWER(INDEX($E37:$AN37,BA$5)/INDEX($E37:$AN37,BA$4),1/BA$6)-1,) -> 0.12948165
A38: =ADDRESS(MATCH($D10,'2021'!$A$1:$A$86,0),MATCH($D38,'2021'!$A$1:$AQ$1,0)) -> $AC$48 | B38: =B37+1 -> 31 | D38: Hydro | E38: =INDIRECT("'"&E$8&"'!"&$A38)*VLOOKUP($D$8,Tables!$C$1:$D$3,2,0) -> 0 | F38: =INDIRECT("'"&F$8&"'!"&$A38)*VLOOKUP($D$8,Tables!$C$1:$D$3,2,0) -> 0 | G38: =INDIRECT("'"&G$8&"'!"&$A38)*VLOOKUP($D$8,Tables!$C$1:$D$3,2,0) -> 0 | H38: =INDIRECT("'"&H$8&"'!"&$A38)*VLOOKUP($D$8,Tables!$C$1:$D$3,2,0) -> 0 | I38: =INDIRECT("'"&I$8&"'!"&$A38)*VLOOKUP($D$8,Tables!$C$1:$D$3,2,0) -> 0 | J38: =INDIRECT("'"&J$8&"'!"&$A38)*VLOOKUP($D$8,Tables!$C$1:$D$3,2,0) -> 0 | K38: =INDIRECT("'"&K$8&"'!"&$A38)*VLOOKUP($D$8,Tables!$C$1:$D$3,2,0) -> 0 | L38: =INDIRECT("'"&L$8&"'!"&$A38)*VLOOKUP($D$8,Tables!$C$1:$D$3,2,0) -> 0 | ... AM38: =INDIRECT("'"&AM$8&"'!"&$A38)*VLOOKUP($D$8,Tables!$C$1:$D$3,2,0) -> 0 | AP38: =HLOOKUP(AP$8,$E$8:$AP$230,$B38,0)/HLOOKUP(AP$8,$E$8:$AN$230,$B11,0) -> 0 | AQ38: =HLOOKUP(AQ$8,$E$8:$AP$230,$B38,0)/HLOOKUP(AQ$8,$E$8:$AN$230,$B11,0) -> 0 | AR38: =HLOOKUP(AR$8,$E$8:$AP$230,$B38,0)/HLOOKUP(AR$8,$E$8:$AN$230,$B11,0) -> 0 | AS38: =HLOOKUP(AS$8,$E$8:$AP$230,$B38,0)/HLOOKUP(AS$8,$E$8:$AN$230,$B11,0) -> 0 | AT38: =HLOOKUP(AT$8,$E$8:$AP$230,$B38,0)/HLOOKUP(AT$8,$E$8:$AN$230,$B11,0) -> 0 | AV38: =IFERROR(POWER(INDEX($E38:$AN38,AV$5)/INDEX($E38:$AN38,AV$4),1/AV$6)-1,) -> 0 | AW38: =IFERROR(POWER(INDEX($E38:$AN38,AW$5)/INDEX($E38:$AN38,AW$4),1/AW$6)-1,) -> 0 | AX38: =IFERROR(POWER(INDEX($E38:$AN38,AX$5)/INDEX($E38:$AN38,AX$4),1/AX$6)-1,) -> 0 | AY38: =IFERROR(POWER(INDEX($E38:$AN38,AY$5)/INDEX($E38:$AN38,AY$4),1/AY$6)-1,) -> 0 | AZ38: =IFERROR(POWER(INDEX($E38:$AN38,AZ$5)/INDEX($E38:$AN38,AZ$4),1/AZ$6)-1,) -> 0 | BA38: =IFERROR(POWER(INDEX($E38:$AN38,BA$5)/INDEX($E38:$AN38,BA$4),1/BA$6)-1,) -> 0
A39: =ADDRESS(MATCH($D10,'2021'!$A$1:$A$86,0),MATCH($D39,'2021'!$A$1:$AQ$1,0)) -> $AD$48 | B39: =B38+1 -> 32 | D39: Wind | E39: =INDIRECT("'"&E$8&"'!"&$A39)*VLOOKUP($D$8,Tables!$C$1:$D$3,2,0) -> 0 | F39: =INDIRECT("'"&F$8&"'!"&$A39)*VLOOKUP($D$8,Tables!$C$1:$D$3,2,0) -> 0 | G39: =INDIRECT("'"&G$8&"'!"&$A39)*VLOOKUP($D$8,Tables!$C$1:$D$3,2,0) -> 0 | H39: =INDIRECT("'"&H$8&"'!"&$A39)*VLOOKUP($D$8,Tables!$C$1:$D$3,2,0) -> 0 | I39: =INDIRECT("'"&I$8&"'!"&$A39)*VLOOKUP($D$8,Tables!$C$1:$D$3,2,0) -> 0 | J39: =INDIRECT("'"&J$8&"'!"&$A39)*VLOOKUP($D$8,Tables!$C$1:$D$3,2,0) -> 0 | K39: =INDIRECT("'"&K$8&"'!"&$A39)*VLOOKUP($D$8,Tables!$C$1:$D$3,2,0) -> 0 | L39: =INDIRECT("'"&L$8&"'!"&$A39)*VLOOKUP($D$8,Tables!$C$1:$D$3,2,0) -> 0 | ... AM39: =INDIRECT("'"&AM$8&"'!"&$A39)*VLOOKUP($D$8,Tables!$C$1:$D$3,2,0) -> 0 | AP39: =HLOOKUP(AP$8,$E$8:$AP$230,$B39,0)/HLOOKUP(AP$8,$E$8:$AN$230,$B11,0) -> 0 | AQ39: =HLOOKUP(AQ$8,$E$8:$AP$230,$B39,0)/HLOOKUP(AQ$8,$E$8:$AN$230,$B11,0) -> 0 | AR39: =HLOOKUP(AR$8,$E$8:$AP$230,$B39,0)/HLOOKUP(AR$8,$E$8:$AN$230,$B11,0) -> 0 | AS39: =HLOOKUP(AS$8,$E$8:$AP$230,$B39,0)/HLOOKUP(AS$8,$E$8:$AN$230,$B11,0) -> 0 | AT39: =HLOOKUP(AT$8,$E$8:$AP$230,$B39,0)/HLOOKUP(AT$8,$E$8:$AN$230,$B11,0) -> 0 | AV39: =IFERROR(POWER(INDEX($E39:$AN39,AV$5)/INDEX($E39:$AN39,AV$4),1/AV$6)-1,) -> 0 | AW39: =IFERROR(POWER(INDEX($E39:$AN39,AW$5)/INDEX($E39:$AN39,AW$4),1/AW$6)-1,) -> 0 | AX39: =IFERROR(POWER(INDEX($E39:$AN39,AX$5)/INDEX($E39:$AN39,AX$4),1/AX$6)-1,) -> 0 | AY39: =IFERROR(POWER(INDEX($E39:$AN39,AY$5)/INDEX($E39:$AN39,AY$4),1/AY$6)-1,) -> 0 | AZ39: =IFERROR(POWER(INDEX($E39:$AN39,AZ$5)/INDEX($E39:$AN39,AZ$4),1/AZ$6)-1,) -> 0 | BA39: =IFERROR(POWER(INDEX($E39:$AN39,BA$5)/INDEX($E39:$AN39,BA$4),1/BA$6)-1,) -> 0
A40: =ADDRESS(MATCH($D10,'2021'!$A$1:$A$86,0),MATCH($D40,'2021'!$A$1:$AQ$1,0)) -> $AE$48 | B40: =B39+1 -> 33 | D40: Biomass | E40: =INDIRECT("'"&E$8&"'!"&$A40)*VLOOKUP($D$8,Tables!$C$1:$D$3,2,0) -> 0 | F40: =INDIRECT("'"&F$8&"'!"&$A40)*VLOOKUP($D$8,Tables!$C$1:$D$3,2,0) -> 0 | G40: =INDIRECT("'"&G$8&"'!"&$A40)*VLOOKUP($D$8,Tables!$C$1:$D$3,2,0) -> 0 | H40: =INDIRECT("'"&H$8&"'!"&$A40)*VLOOKUP($D$8,Tables!$C$1:$D$3,2,0) -> 0 | I40: =INDIRECT("'"&I$8&"'!"&$A40)*VLOOKUP($D$8,Tables!$C$1:$D$3,2,0) -> 0 | J40: =INDIRECT("'"&J$8&"'!"&$A40)*VLOOKUP($D$8,Tables!$C$1:$D$3,2,0) -> 0 | K40: =INDIRECT("'"&K$8&"'!"&$A40)*VLOOKUP($D$8,Tables!$C$1:$D$3,2,0) -> 0 | L40: =INDIRECT("'"&L$8&"'!"&$A40)*VLOOKUP($D$8,Tables!$C$1:$D$3,2,0) -> 0 | ... AM40: =INDIRECT("'"&AM$8&"'!"&$A40)*VLOOKUP($D$8,Tables!$C$1:$D$3,2,0) -> 0 | AP40: =HLOOKUP(AP$8,$E$8:$AP$230,$B40,0)/HLOOKUP(AP$8,$E$8:$AN$230,$B11,0) -> 0 | AQ40: =HLOOKUP(AQ$8,$E$8:$AP$230,$B40,0)/HLOOKUP(AQ$8,$E$8:$AN$230,$B11,0) -> 0 | AR40: =HLOOKUP(AR$8,$E$8:$AP$230,$B40,0)/HLOOKUP(AR$8,$E$8:$AN$230,$B11,0) -> 0 | AS40: =HLOOKUP(AS$8,$E$8:$AP$230,$B40,0)/HLOOKUP(AS$8,$E$8:$AN$230,$B11,0) -> 0 | AT40: =HLOOKUP(AT$8,$E$8:$AP$230,$B40,0)/HLOOKUP(AT$8,$E$8:$AN$230,$B11,0) -> 0 | AV40: =IFERROR(POWER(INDEX($E40:$AN40,AV$5)/INDEX($E40:$AN40,AV$4),1/AV$6)-1,) -> 0 | AW40: =IFERROR(POWER(INDEX($E40:$AN40,AW$5)/INDEX($E40:$AN40,AW$4),1/AW$6)-1,) -> 0 | AX40: =IFERROR(POWER(INDEX($E40:$AN40,AX$5)/INDEX($E40:$AN40,AX$4),1/AX$6)-1,) -> 0 | AY40: =IFERROR(POWER(INDEX($E40:$AN40,AY$5)/INDEX($E40:$AN40,AY$4),1/AY$6)-1,) -> 0 | AZ40: =IFERROR(POWER(INDEX($E40:$AN40,AZ$5)/INDEX($E40:$AN40,AZ$4),1/AZ$6)-1,) -> 0 | BA40: =IFERROR(POWER(INDEX($E40:$AN40,BA$5)/INDEX($E40:$AN40,BA$4),1/BA$6)-1,) -> 0
A41: =ADDRESS(MATCH($D10,'2021'!$A$1:$A$86,0),MATCH($D41,'2021'!$A$1:$AQ$1,0)) -> $AF$48 | B41: =B40+1 -> 34 | D41: Renewable Waste | E41: =INDIRECT("'"&E$8&"'!"&$A41)*VLOOKUP($D$8,Tables!$C$1:$D$3,2,0) -> 0 | F41: =INDIRECT("'"&F$8&"'!"&$A41)*VLOOKUP($D$8,Tables!$C$1:$D$3,2,0) -> 0 | G41: =INDIRECT("'"&G$8&"'!"&$A41)*VLOOKUP($D$8,Tables!$C$1:$D$3,2,0) -> 0 | H41: =INDIRECT("'"&H$8&"'!"&$A41)*VLOOKUP($D$8,Tables!$C$1:$D$3,2,0) -> 0 | I41: =INDIRECT("'"&I$8&"'!"&$A41)*VLOOKUP($D$8,Tables!$C$1:$D$3,2,0) -> 0 | J41: =INDIRECT("'"&J$8&"'!"&$A41)*VLOOKUP($D$8,Tables!$C$1:$D$3,2,0) -> 0 | K41: =INDIRECT("'"&K$8&"'!"&$A41)*VLOOKUP($D$8,Tables!$C$1:$D$3,2,0) -> 0 | L41: =INDIRECT("'"&L$8&"'!"&$A41)*VLOOKUP($D$8,Tables!$C$1:$D$3,2,0) -> 0 | ... AM41: =INDIRECT("'"&AM$8&"'!"&$A41)*VLOOKUP($D$8,Tables!$C$1:$D$3,2,0) -> 0 | AP41: =HLOOKUP(AP$8,$E$8:$AP$230,$B41,0)/HLOOKUP(AP$8,$E$8:$AN$230,$B11,0) -> 0 | AQ41: =HLOOKUP(AQ$8,$E$8:$AP$230,$B41,0)/HLOOKUP(AQ$8,$E$8:$AN$230,$B11,0) -> 0 | AR41: =HLOOKUP(AR$8,$E$8:$AP$230,$B41,0)/HLOOKUP(AR$8,$E$8:$AN$230,$B11,0) -> 0 | AS41: =HLOOKUP(AS$8,$E$8:$AP$230,$B41,0)/HLOOKUP(AS$8,$E$8:$AN$230,$B11,0) -> 0 | AT41: =HLOOKUP(AT$8,$E$8:$AP$230,$B41,0)/HLOOKUP(AT$8,$E$8:$AN$230,$B11,0) -> 0 | AV41: =IFERROR(POWER(INDEX($E41:$AN41,AV$5)/INDEX($E41:$AN41,AV$4),1/AV$6)-1,) -> 0 | AW41: =IFERROR(POWER(INDEX($E41:$AN41,AW$5)/INDEX($E41:$AN41,AW$4),1/AW$6)-1,) -> 0 | AX41: =IFERROR(POWER(INDEX($E41:$AN41,AX$5)/INDEX($E41:$AN41,AX$4),1/AX$6)-1,) -> 0 | AY41: =IFERROR(POWER(INDEX($E41:$AN41,AY$5)/INDEX($E41:$AN41,AY$4),1/AY$6)-1,) -> 0 | AZ41: =IFERROR(POWER(INDEX($E41:$AN41,AZ$5)/INDEX($E41:$AN41,AZ$4),1/AZ$6)-1,) -> 0 | BA41: =IFERROR(POWER(INDEX($E41:$AN41,BA$5)/INDEX($E41:$AN41,BA$4),1/BA$6)-1,) -> 0
A42: =ADDRESS(MATCH($D10,'2021'!$A$1:$A$86,0),MATCH($D42,'2021'!$A$1:$AQ$1,0)) -> $AG$48 | B42: =B41+1 -> 35 | D42: Landfill Gas | E42: =INDIRECT("'"&E$8&"'!"&$A42)*VLOOKUP($D$8,Tables!$C$1:$D$3,2,0) -> 0 | F42: =INDIRECT("'"&F$8&"'!"&$A42)*VLOOKUP($D$8,Tables!$C$1:$D$3,2,0) -> 0 | G42: =INDIRECT("'"&G$8&"'!"&$A42)*VLOOKUP($D$8,Tables!$C$1:$D$3,2,0) -> 0 | H42: =INDIRECT("'"&H$8&"'!"&$A42)*VLOOKUP($D$8,Tables!$C$1:$D$3,2,0) -> 0 | I42: =INDIRECT("'"&I$8&"'!"&$A42)*VLOOKUP($D$8,Tables!$C$1:$D$3,2,0) -> 0 | J42: =INDIRECT("'"&J$8&"'!"&$A42)*VLOOKUP($D$8,Tables!$C$1:$D$3,2,0) -> 0 | K42: =INDIRECT("'"&K$8&"'!"&$A42)*VLOOKUP($D$8,Tables!$C$1:$D$3,2,0) -> 0 | L42: =INDIRECT("'"&L$8&"'!"&$A42)*VLOOKUP($D$8,Tables!$C$1:$D$3,2,0) -> 0 | ... AM42: =INDIRECT("'"&AM$8&"'!"&$A42)*VLOOKUP($D$8,Tables!$C$1:$D$3,2,0) -> 0 | AP42: =HLOOKUP(AP$8,$E$8:$AP$230,$B42,0)/HLOOKUP(AP$8,$E$8:$AN$230,$B11,0) -> 0 | AQ42: =HLOOKUP(AQ$8,$E$8:$AP$230,$B42,0)/HLOOKUP(AQ$8,$E$8:$AN$230,$B11,0) -> 0 | AR42: =HLOOKUP(AR$8,$E$8:$AP$230,$B42,0)/HLOOKUP(AR$8,$E$8:$AN$230,$B11,0) -> 0 | AS42: =HLOOKUP(AS$8,$E$8:$AP$230,$B42,0)/HLOOKUP(AS$8,$E$8:$AN$230,$B11,0) -> 0 | AT42: =HLOOKUP(AT$8,$E$8:$AP$230,$B42,0)/HLOOKUP(AT$8,$E$8:$AN$230,$B11,0) -> 0 | AV42: =IFERROR(POWER(INDEX($E42:$AN42,AV$5)/INDEX($E42:$AN42,AV$4),1/AV$6)-1,) -> 0 | AW42: =IFERROR(POWER(INDEX($E42:$AN42,AW$5)/INDEX($E42:$AN42,AW$4),1/AW$6)-1,) -> 0 | AX42: =IFERROR(POWER(INDEX($E42:$AN42,AX$5)/INDEX($E42:$AN42,AX$4),1/AX$6)-1,) -> 0 | AY42: =IFERROR(POWER(INDEX($E42:$AN42,AY$5)/INDEX($E42:$AN42,AY$4),1/AY$6)-1,) -> 0 | AZ42: =IFERROR(POWER(INDEX($E42:$AN42,AZ$5)/INDEX($E42:$AN42,AZ$4),1/AZ$6)-1,) -> 0 | BA42: =IFERROR(POWER(INDEX($E42:$AN42,BA$5)/INDEX($E42:$AN42,BA$4),1/BA$6)-1,) -> 0
A43: =ADDRESS(MATCH($D10,'2021'!$A$1:$A$86,0),MATCH($D43,'2021'!$A$1:$AQ$1,0)) -> $AH$48 | B43: =B42+1 -> 36 | D43: Biogas | E43: =INDIRECT("'"&E$8&"'!"&$A43)*VLOOKUP($D$8,Tables!$C$1:$D$3,2,0) -> 0 | F43: =INDIRECT("'"&F$8&"'!"&$A43)*VLOOKUP($D$8,Tables!$C$1:$D$3,2,0) -> 0 | G43: =INDIRECT("'"&G$8&"'!"&$A43)*VLOOKUP($D$8,Tables!$C$1:$D$3,2,0) -> 0 | H43: =INDIRECT("'"&H$8&"'!"&$A43)*VLOOKUP($D$8,Tables!$C$1:$D$3,2,0) -> 0 | I43: =INDIRECT("'"&I$8&"'!"&$A43)*VLOOKUP($D$8,Tables!$C$1:$D$3,2,0) -> 0 | J43: =INDIRECT("'"&J$8&"'!"&$A43)*VLOOKUP($D$8,Tables!$C$1:$D$3,2,0) -> 0 | K43: =INDIRECT("'"&K$8&"'!"&$A43)*VLOOKUP($D$8,Tables!$C$1:$D$3,2,0) -> 0 | L43: =INDIRECT("'"&L$8&"'!"&$A43)*VLOOKUP($D$8,Tables!$C$1:$D$3,2,0) -> 0 | ... AM43: =INDIRECT("'"&AM$8&"'!"&$A43)*VLOOKUP($D$8,Tables!$C$1:$D$3,2,0) -> 0 | AP43: =HLOOKUP(AP$8,$E$8:$AP$230,$B43,0)/HLOOKUP(AP$8,$E$8:$AN$230,$B11,0) -> 0 | AQ43: =HLOOKUP(AQ$8,$E$8:$AP$230,$B43,0)/HLOOKUP(AQ$8,$E$8:$AN$230,$B11,0) -> 0 | AR43: =HLOOKUP(AR$8,$E$8:$AP$230,$B43,0)/HLOOKUP(AR$8,$E$8:$AN$230,$B11,0) -> 0 | AS43: =HLOOKUP(AS$8,$E$8:$AP$230,$B43,0)/HLOOKUP(AS$8,$E$8:$AN$230,$B11,0) -> 0 | AT43: =HLOOKUP(AT$8,$E$8:$AP$230,$B43,0)/HLOOKUP(AT$8,$E$8:$AN$230,$B11,0) -> 0 | AV43: =IFERROR(POWER(INDEX($E43:$AN43,AV$5)/INDEX($E43:$AN43,AV$4),1/AV$6)-1,) -> 0 | AW43: =IFERROR(POWER(INDEX($E43:$AN43,AW$5)/INDEX($E43:$AN43,AW$4),1/AW$6)-1,) -> 0 | AX43: =IFERROR(POWER(INDEX($E43:$AN43,AX$5)/INDEX($E43:$AN43,AX$4),1/AX$6)-1,) -> 0 | AY43: =IFERROR(POWER(INDEX($E43:$AN43,AY$5)/INDEX($E43:$AN43,AY$4),1/AY$6)-1,) -> 0 | AZ43: =IFERROR(POWER(INDEX($E43:$AN43,AZ$5)/INDEX($E43:$AN43,AZ$4),1/AZ$6)-1,) -> 0 | BA43: =IFERROR(POWER(INDEX($E43:$AN43,BA$5)/INDEX($E43:$AN43,BA$4),1/BA$6)-1,) -> 0
A44: =ADDRESS(MATCH($D10,'2021'!$A$1:$A$86,0),MATCH($D44,'2021'!$A$1:$AQ$1,0)) -> $AI$48 | B44: =B43+1 -> 37 | D44: Biodiesel | E44: =INDIRECT("'"&E$8&"'!"&$A44)*VLOOKUP($D$8,Tables!$C$1:$D$3,2,0) -> 0 | F44: =INDIRECT("'"&F$8&"'!"&$A44)*VLOOKUP($D$8,Tables!$C$1:$D$3,2,0) -> 0 | G44: =INDIRECT("'"&G$8&"'!"&$A44)*VLOOKUP($D$8,Tables!$C$1:$D$3,2,0) -> 0 | H44: =INDIRECT("'"&H$8&"'!"&$A44)*VLOOKUP($D$8,Tables!$C$1:$D$3,2,0) -> 0 | I44: =INDIRECT("'"&I$8&"'!"&$A44)*VLOOKUP($D$8,Tables!$C$1:$D$3,2,0) -> 0 | J44: =INDIRECT("'"&J$8&"'!"&$A44)*VLOOKUP($D$8,Tables!$C$1:$D$3,2,0) -> 0 | K44: =INDIRECT("'"&K$8&"'!"&$A44)*VLOOKUP($D$8,Tables!$C$1:$D$3,2,0) -> 0 | L44: =INDIRECT("'"&L$8&"'!"&$A44)*VLOOKUP($D$8,Tables!$C$1:$D$3,2,0) -> 0 | ... AM44: =INDIRECT("'"&AM$8&"'!"&$A44)*VLOOKUP($D$8,Tables!$C$1:$D$3,2,0) -> 5319.4917 | AP44: =HLOOKUP(AP$8,$E$8:$AP$230,$B44,0)/HLOOKUP(AP$8,$E$8:$AN$230,$B11,0) -> 0 | AQ44: =HLOOKUP(AQ$8,$E$8:$AP$230,$B44,0)/HLOOKUP(AQ$8,$E$8:$AN$230,$B11,0) -> 0 | AR44: =HLOOKUP(AR$8,$E$8:$AP$230,$B44,0)/HLOOKUP(AR$8,$E$8:$AN$230,$B11,0) -> 0.010691369 | AS44: =HLOOKUP(AS$8,$E$8:$AP$230,$B44,0)/HLOOKUP(AS$8,$E$8:$AN$230,$B11,0) -> 0.055216939 | AT44: =HLOOKUP(AT$8,$E$8:$AP$230,$B44,0)/HLOOKUP(AT$8,$E$8:$AN$230,$B11,0) -> 0 | AV44: =IFERROR(POWER(INDEX($E44:$AN44,AV$5)/INDEX($E44:$AN44,AV$4),1/AV$6)-1,) -> 0 | AW44: =IFERROR(POWER(INDEX($E44:$AN44,AW$5)/INDEX($E44:$AN44,AW$4),1/AW$6)-1,) -> 0 | AX44: =IFERROR(POWER(INDEX($E44:$AN44,AX$5)/INDEX($E44:$AN44,AX$4),1/AX$6)-1,) -> 0 | AY44: =IFERROR(POWER(INDEX($E44:$AN44,AY$5)/INDEX($E44:$AN44,AY$4),1/AY$6)-1,) -> 0.21372866 | AZ44: =IFERROR(POWER(INDEX($E44:$AN44,AZ$5)/INDEX($E44:$AN44,AZ$4),1/AZ$6)-1,) -> 0.14495766 | BA44: =IFERROR(POWER(INDEX($E44:$AN44,BA$5)/INDEX($E44:$AN44,BA$4),1/BA$6)-1,) -> 0.16757037
A45: =ADDRESS(MATCH($D10,'2021'!$A$1:$A$86,0),MATCH($D45,'2021'!$A$1:$AQ$1,0)) -> $AJ$48 | B45: =B44+1 -> 38 | D45: Bioethanol | E45: =INDIRECT("'"&E$8&"'!"&$A45)*VLOOKUP($D$8,Tables!$C$1:$D$3,2,0) -> 0 | F45: =INDIRECT("'"&F$8&"'!"&$A45)*VLOOKUP($D$8,Tables!$C$1:$D$3,2,0) -> 0 | G45: =INDIRECT("'"&G$8&"'!"&$A45)*VLOOKUP($D$8,Tables!$C$1:$D$3,2,0) -> 0 | H45: =INDIRECT("'"&H$8&"'!"&$A45)*VLOOKUP($D$8,Tables!$C$1:$D$3,2,0) -> 0 | I45: =INDIRECT("'"&I$8&"'!"&$A45)*VLOOKUP($D$8,Tables!$C$1:$D$3,2,0) -> 0 | J45: =INDIRECT("'"&J$8&"'!"&$A45)*VLOOKUP($D$8,Tables!$C$1:$D$3,2,0) -> 0 | K45: =INDIRECT("'"&K$8&"'!"&$A45)*VLOOKUP($D$8,Tables!$C$1:$D$3,2,0) -> 0 | L45: =INDIRECT("'"&L$8&"'!"&$A45)*VLOOKUP($D$8,Tables!$C$1:$D$3,2,0) -> 0 | ... AM45: =INDIRECT("'"&AM$8&"'!"&$A45)*VLOOKUP($D$8,Tables!$C$1:$D$3,2,0) -> 1808.739 | AP45: =HLOOKUP(AP$8,$E$8:$AP$230,$B45,0)/HLOOKUP(AP$8,$E$8:$AN$230,$B11,0) -> 0 | AQ45: =HLOOKUP(AQ$8,$E$8:$AP$230,$B45,0)/HLOOKUP(AQ$8,$E$8:$AN$230,$B11,0) -> 0 | AR45: =HLOOKUP(AR$8,$E$8:$AP$230,$B45,0)/HLOOKUP(AR$8,$E$8:$AN$230,$B11,0) -> 0.013026675 | AS45: =HLOOKUP(AS$8,$E$8:$AP$230,$B45,0)/HLOOKUP(AS$8,$E$8:$AN$230,$B11,0) -> 0.014001239 | AT45: =HLOOKUP(AT$8,$E$8:$AP$230,$B45,0)/HLOOKUP(AT$8,$E$8:$AN$230,$B11,0) -> 0 | AV45: =IFERROR(POWER(INDEX($E45:$AN45,AV$5)/INDEX($E45:$AN45,AV$4),1/AV$6)-1,) -> 0 | AW45: =IFERROR(POWER(INDEX($E45:$AN45,AW$5)/INDEX($E45:$AN45,AW$4),1/AW$6)-1,) -> 0 | AX45: =IFERROR(POWER(INDEX($E45:$AN45,AX$5)/INDEX($E45:$AN45,AX$4),1/AX$6)-1,) -> 0 | AY45: =IFERROR(POWER(INDEX($E45:$AN45,AY$5)/INDEX($E45:$AN45,AY$4),1/AY$6)-1,) -> 0.14050307 | AZ45: =IFERROR(POWER(INDEX($E45:$AN45,AZ$5)/INDEX($E45:$AN45,AZ$4),1/AZ$6)-1,) -> -0.055999176 | BA45: =IFERROR(POWER(INDEX($E45:$AN45,BA$5)/INDEX($E45:$AN45,BA$4),1/BA$6)-1,) -> 0.058136395
A46: =ADDRESS(MATCH($D10,'2021'!$A$1:$A$86,0),MATCH($D46,'2021'!$A$1:$AQ$1,0)) -> $AK$48 | B46: =B45+1 -> 39 | D46: Solar Photovoltaic | E46: =INDIRECT("'"&E$8&"'!"&$A46)*VLOOKUP($D$8,Tables!$C$1:$D$3,2,0) -> 0 | F46: =INDIRECT("'"&F$8&"'!"&$A46)*VLOOKUP($D$8,Tables!$C$1:$D$3,2,0) -> 0 | G46: =INDIRECT("'"&G$8&"'!"&$A46)*VLOOKUP($D$8,Tables!$C$1:$D$3,2,0) -> 0 | H46: =INDIRECT("'"&H$8&"'!"&$A46)*VLOOKUP($D$8,Tables!$C$1:$D$3,2,0) -> 0 | I46: =INDIRECT("'"&I$8&"'!"&$A46)*VLOOKUP($D$8,Tables!$C$1:$D$3,2,0) -> 0 | J46: =INDIRECT("'"&J$8&"'!"&$A46)*VLOOKUP($D$8,Tables!$C$1:$D$3,2,0) -> 0 | K46: =INDIRECT("'"&K$8&"'!"&$A46)*VLOOKUP($D$8,Tables!$C$1:$D$3,2,0) -> 0 | L46: =INDIRECT("'"&L$8&"'!"&$A46)*VLOOKUP($D$8,Tables!$C$1:$D$3,2,0) -> 0 | ... AM46: =INDIRECT("'"&AM$8&"'!"&$A46)*VLOOKUP($D$8,Tables!$C$1:$D$3,2,0) -> 0 | AP46: =HLOOKUP(AP$8,$E$8:$AP$230,$B46,0)/HLOOKUP(AP$8,$E$8:$AN$230,$B11,0) -> 0 | AQ46: =HLOOKUP(AQ$8,$E$8:$AP$230,$B46,0)/HLOOKUP(AQ$8,$E$8:$AN$230,$B11,0) -> 0 | AR46: =HLOOKUP(AR$8,$E$8:$AP$230,$B46,0)/HLOOKUP(AR$8,$E$8:$AN$230,$B11,0) -> 0 | AS46: =HLOOKUP(AS$8,$E$8:$AP$230,$B46,0)/HLOOKUP(AS$8,$E$8:$AN$230,$B11,0) -> 0 | AT46: =HLOOKUP(AT$8,$E$8:$AP$230,$B46,0)/HLOOKUP(AT$8,$E$8:$AN$230,$B11,0) -> 0 | AV46: =IFERROR(POWER(INDEX($E46:$AN46,AV$5)/INDEX($E46:$AN46,AV$4),1/AV$6)-1,) -> 0 | AW46: =IFERROR(POWER(INDEX($E46:$AN46,AW$5)/INDEX($E46:$AN46,AW$4),1/AW$6)-1,) -> 0 | AX46: =IFERROR(POWER(INDEX($E46:$AN46,AX$5)/INDEX($E46:$AN46,AX$4),1/AX$6)-1,) -> 0 | AY46: =IFERROR(POWER(INDEX($E46:$AN46,AY$5)/INDEX($E46:$AN46,AY$4),1/AY$6)-1,) -> 0 | AZ46: =IFERROR(POWER(INDEX($E46:$AN46,AZ$5)/INDEX($E46:$AN46,AZ$4),1/AZ$6)-1,) -> 0 | BA46: =IFERROR(POWER(INDEX($E46:$AN46,BA$5)/INDEX($E46:$AN46,BA$4),1/BA$6)-1,) -> 0
A47: =ADDRESS(MATCH($D10,'2021'!$A$1:$A$86,0),MATCH($D47,'2021'!$A$1:$AQ$1,0)) -> $AL$48 | B47: =B46+1 -> 40 | D47: Solar Thermal | E47: =INDIRECT("'"&E$8&"'!"&$A47)*VLOOKUP($D$8,Tables!$C$1:$D$3,2,0) -> 0 | F47: =INDIRECT("'"&F$8&"'!"&$A47)*VLOOKUP($D$8,Tables!$C$1:$D$3,2,0) -> 0 | G47: =INDIRECT("'"&G$8&"'!"&$A47)*VLOOKUP($D$8,Tables!$C$1:$D$3,2,0) -> 0 | H47: =INDIRECT("'"&H$8&"'!"&$A47)*VLOOKUP($D$8,Tables!$C$1:$D$3,2,0) -> 0 | I47: =INDIRECT("'"&I$8&"'!"&$A47)*VLOOKUP($D$8,Tables!$C$1:$D$3,2,0) -> 0 | J47: =INDIRECT("'"&J$8&"'!"&$A47)*VLOOKUP($D$8,Tables!$C$1:$D$3,2,0) -> 0 | K47: =INDIRECT("'"&K$8&"'!"&$A47)*VLOOKUP($D$8,Tables!$C$1:$D$3,2,0) -> 0 | L47: =INDIRECT("'"&L$8&"'!"&$A47)*VLOOKUP($D$8,Tables!$C$1:$D$3,2,0) -> 0 | ... AM47: =INDIRECT("'"&AM$8&"'!"&$A47)*VLOOKUP($D$8,Tables!$C$1:$D$3,2,0) -> 0 | AP47: =HLOOKUP(AP$8,$E$8:$AP$230,$B47,0)/HLOOKUP(AP$8,$E$8:$AN$230,$B11,0) -> 0 | AQ47: =HLOOKUP(AQ$8,$E$8:$AP$230,$B47,0)/HLOOKUP(AQ$8,$E$8:$AN$230,$B11,0) -> 0 | AR47: =HLOOKUP(AR$8,$E$8:$AP$230,$B47,0)/HLOOKUP(AR$8,$E$8:$AN$230,$B11,0) -> 0 | AS47: =HLOOKUP(AS$8,$E$8:$AP$230,$B47,0)/HLOOKUP(AS$8,$E$8:$AN$230,$B11,0) -> 0 | AT47: =HLOOKUP(AT$8,$E$8:$AP$230,$B47,0)/HLOOKUP(AT$8,$E$8:$AN$230,$B11,0) -> 0 | AV47: =IFERROR(POWER(INDEX($E47:$AN47,AV$5)/INDEX($E47:$AN47,AV$4),1/AV$6)-1,) -> 0 | AW47: =IFERROR(POWER(INDEX($E47:$AN47,AW$5)/INDEX($E47:$AN47,AW$4),1/AW$6)-1,) -> 0 | AX47: =IFERROR(POWER(INDEX($E47:$AN47,AX$5)/INDEX($E47:$AN47,AX$4),1/AX$6)-1,) -> 0 | AY47: =IFERROR(POWER(INDEX($E47:$AN47,AY$5)/INDEX($E47:$AN47,AY$4),1/AY$6)-1,) -> 0 | AZ47: =IFERROR(POWER(INDEX($E47:$AN47,AZ$5)/INDEX($E47:$AN47,AZ$4),1/AZ$6)-1,) -> 0 | BA47: =IFERROR(POWER(INDEX($E47:$AN47,BA$5)/INDEX($E47:$AN47,BA$4),1/BA$6)-1,) -> 0
A48: =ADDRESS(MATCH($D10,'2021'!$A$1:$A$86,0),MATCH($D48,'2021'!$A$1:$AQ$1,0)) -> $AM$48 | B48: =B47+1 -> 41 | D48: Ambient Heat | E48: =INDIRECT("'"&E$8&"'!"&$A48)*VLOOKUP($D$8,Tables!$C$1:$D$3,2,0) -> 0 | F48: =INDIRECT("'"&F$8&"'!"&$A48)*VLOOKUP($D$8,Tables!$C$1:$D$3,2,0) -> 0 | G48: =INDIRECT("'"&G$8&"'!"&$A48)*VLOOKUP($D$8,Tables!$C$1:$D$3,2,0) -> 0 | H48: =INDIRECT("'"&H$8&"'!"&$A48)*VLOOKUP($D$8,Tables!$C$1:$D$3,2,0) -> 0 | I48: =INDIRECT("'"&I$8&"'!"&$A48)*VLOOKUP($D$8,Tables!$C$1:$D$3,2,0) -> 0 | J48: =INDIRECT("'"&J$8&"'!"&$A48)*VLOOKUP($D$8,Tables!$C$1:$D$3,2,0) -> 0 | K48: =INDIRECT("'"&K$8&"'!"&$A48)*VLOOKUP($D$8,Tables!$C$1:$D$3,2,0) -> 0 | L48: =INDIRECT("'"&L$8&"'!"&$A48)*VLOOKUP($D$8,Tables!$C$1:$D$3,2,0) -> 0 | ... AM48: =INDIRECT("'"&AM$8&"'!"&$A48)*VLOOKUP($D$8,Tables!$C$1:$D$3,2,0) -> 0 | AP48: =HLOOKUP(AP$8,$E$8:$AP$230,$B48,0)/HLOOKUP(AP$8,$E$8:$AN$230,$B11,0) -> 0 | AQ48: =HLOOKUP(AQ$8,$E$8:$AP$230,$B48,0)/HLOOKUP(AQ$8,$E$8:$AN$230,$B11,0) -> 0 | AR48: =HLOOKUP(AR$8,$E$8:$AP$230,$B48,0)/HLOOKUP(AR$8,$E$8:$AN$230,$B11,0) -> 0 | AS48: =HLOOKUP(AS$8,$E$8:$AP$230,$B48,0)/HLOOKUP(AS$8,$E$8:$AN$230,$B11,0) -> 0 | AT48: =HLOOKUP(AT$8,$E$8:$AP$230,$B48,0)/HLOOKUP(AT$8,$E$8:$AN$230,$B11,0) -> 0 | AV48: =IFERROR(POWER(INDEX($E48:$AN48,AV$5)/INDEX($E48:$AN48,AV$4),1/AV$6)-1,) -> 0 | AW48: =IFERROR(POWER(INDEX($E48:$AN48,AW$5)/INDEX($E48:$AN48,AW$4),1/AW$6)-1,) -> 0 | AX48: =IFERROR(POWER(INDEX($E48:$AN48,AX$5)/INDEX($E48:$AN48,AX$4),1/AX$6)-1,) -> 0 | AY48: =IFERROR(POWER(INDEX($E48:$AN48,AY$5)/INDEX($E48:$AN48,AY$4),1/AY$6)-1,) -> 0 | AZ48: =IFERROR(POWER(INDEX($E48:$AN48,AZ$5)/INDEX($E48:$AN48,AZ$4),1/AZ$6)-1,) -> 0 | BA48: =IFERROR(POWER(INDEX($E48:$AN48,BA$5)/INDEX($E48:$AN48,BA$4),1/BA$6)-1,) -> 0
A49: =ADDRESS(MATCH($D10,'2021'!$A$1:$A$86,0),MATCH($D49,'2021'!$A$1:$AQ$1,0)) -> $AN$48 | B49: =B48+1 -> 42 | D49: Non-Renewable Waste | E49: =INDIRECT("'"&E$8&"'!"&$A49)*VLOOKUP($D$8,Tables!$C$1:$D$3,2,0) -> 0 | F49: =INDIRECT("'"&F$8&"'!"&$A49)*VLOOKUP($D$8,Tables!$C$1:$D$3,2,0) -> 0 | G49: =INDIRECT("'"&G$8&"'!"&$A49)*VLOOKUP($D$8,Tables!$C$1:$D$3,2,0) -> 0 | H49: =INDIRECT("'"&H$8&"'!"&$A49)*VLOOKUP($D$8,Tables!$C$1:$D$3,2,0) -> 0 | I49: =INDIRECT("'"&I$8&"'!"&$A49)*VLOOKUP($D$8,Tables!$C$1:$D$3,2,0) -> 0 | J49: =INDIRECT("'"&J$8&"'!"&$A49)*VLOOKUP($D$8,Tables!$C$1:$D$3,2,0) -> 0 | K49: =INDIRECT("'"&K$8&"'!"&$A49)*VLOOKUP($D$8,Tables!$C$1:$D$3,2,0) -> 0 | L49: =INDIRECT("'"&L$8&"'!"&$A49)*VLOOKUP($D$8,Tables!$C$1:$D$3,2,0) -> 0 | ... AM49: =INDIRECT("'"&AM$8&"'!"&$A49)*VLOOKUP($D$8,Tables!$C$1:$D$3,2,0) -> 0 | AP49: =HLOOKUP(AP$8,$E$8:$AP$230,$B49,0)/HLOOKUP(AP$8,$E$8:$AN$230,$B11,0) -> 0 | AQ49: =HLOOKUP(AQ$8,$E$8:$AP$230,$B49,0)/HLOOKUP(AQ$8,$E$8:$AN$230,$B11,0) -> 0 | AR49: =HLOOKUP(AR$8,$E$8:$AP$230,$B49,0)/HLOOKUP(AR$8,$E$8:$AN$230,$B11,0) -> 0 | AS49: =HLOOKUP(AS$8,$E$8:$AP$230,$B49,0)/HLOOKUP(AS$8,$E$8:$AN$230,$B11,0) -> 0 | AT49: =HLOOKUP(AT$8,$E$8:$AP$230,$B49,0)/HLOOKUP(AT$8,$E$8:$AN$230,$B11,0) -> 0 | AV49: =IFERROR(POWER(INDEX($E49:$AN49,AV$5)/INDEX($E49:$AN49,AV$4),1/AV$6)-1,) -> 0 | AW49: =IFERROR(POWER(INDEX($E49:$AN49,AW$5)/INDEX($E49:$AN49,AW$4),1/AW$6)-1,) -> 0 | AX49: =IFERROR(POWER(INDEX($E49:$AN49,AX$5)/INDEX($E49:$AN49,AX$4),1/AX$6)-1,) -> 0 | AY49: =IFERROR(POWER(INDEX($E49:$AN49,AY$5)/INDEX($E49:$AN49,AY$4),1/AY$6)-1,) -> 0 | AZ49: =IFERROR(POWER(INDEX($E49:$AN49,AZ$5)/INDEX($E49:$AN49,AZ$4),1/AZ$6)-1,) -> 0 | BA49: =IFERROR(POWER(INDEX($E49:$AN49,BA$5)/INDEX($E49:$AN49,BA$4),1/BA$6)-1,) -> 0
A50: =ADDRESS(MATCH($D10,'2021'!$A$1:$A$86,0),MATCH($D50,'2021'!$A$1:$AQ$1,0)) -> $AO$48 | B50: =B49+1 -> 43 | D50: Electricity | E50: =INDIRECT("'"&E$8&"'!"&$A50)*VLOOKUP($D$8,Tables!$C$1:$D$3,2,0) -> 0 | F50: =INDIRECT("'"&F$8&"'!"&$A50)*VLOOKUP($D$8,Tables!$C$1:$D$3,2,0) -> 0 | G50: =INDIRECT("'"&G$8&"'!"&$A50)*VLOOKUP($D$8,Tables!$C$1:$D$3,2,0) -> 0 | H50: =INDIRECT("'"&H$8&"'!"&$A50)*VLOOKUP($D$8,Tables!$C$1:$D$3,2,0) -> 0 | I50: =INDIRECT("'"&I$8&"'!"&$A50)*VLOOKUP($D$8,Tables!$C$1:$D$3,2,0) -> 0 | J50: =INDIRECT("'"&J$8&"'!"&$A50)*VLOOKUP($D$8,Tables!$C$1:$D$3,2,0) -> 0 | K50: =INDIRECT("'"&K$8&"'!"&$A50)*VLOOKUP($D$8,Tables!$C$1:$D$3,2,0) -> 0 | L50: =INDIRECT("'"&L$8&"'!"&$A50)*VLOOKUP($D$8,Tables!$C$1:$D$3,2,0) -> 0 | ... AM50: =INDIRECT("'"&AM$8&"'!"&$A50)*VLOOKUP($D$8,Tables!$C$1:$D$3,2,0) -> 1277.7262 | AP50: =HLOOKUP(AP$8,$E$8:$AP$230,$B50,0)/HLOOKUP(AP$8,$E$8:$AN$230,$B11,0) -> 0 | AQ50: =HLOOKUP(AQ$8,$E$8:$AP$230,$B50,0)/HLOOKUP(AQ$8,$E$8:$AN$230,$B11,0) -> 0 | AR50: =HLOOKUP(AR$8,$E$8:$AP$230,$B50,0)/HLOOKUP(AR$8,$E$8:$AN$230,$B11,0) -> 0 | AS50: =HLOOKUP(AS$8,$E$8:$AP$230,$B50,0)/HLOOKUP(AS$8,$E$8:$AN$230,$B11,0) -> 0.010735894 | AT50: =HLOOKUP(AT$8,$E$8:$AP$230,$B50,0)/HLOOKUP(AT$8,$E$8:$AN$230,$B11,0) -> 0 | AV50: =IFERROR(POWER(INDEX($E50:$AN50,AV$5)/INDEX($E50:$AN50,AV$4),1/AV$6)-1,) -> 0 | AW50: =IFERROR(POWER(INDEX($E50:$AN50,AW$5)/INDEX($E50:$AN50,AW$4),1/AW$6)-1,) -> 0 | AX50: =IFERROR(POWER(INDEX($E50:$AN50,AX$5)/INDEX($E50:$AN50,AX$4),1/AX$6)-1,) -> 0 | AY50: =IFERROR(POWER(INDEX($E50:$AN50,AY$5)/INDEX($E50:$AN50,AY$4),1/AY$6)-1,) -> 0 | AZ50: =IFERROR(POWER(INDEX($E50:$AN50,AZ$5)/INDEX($E50:$AN50,AZ$4),1/AZ$6)-1,) -> 0.76278388 | BA50: =IFERROR(POWER(INDEX($E50:$AN50,BA$5)/INDEX($E50:$AN50,BA$4),1/BA$6)-1,) -> 0.7309346
A51: =ADDRESS(MATCH($D10,'2021'!$A$1:$A$86,0),MATCH($D51,'2021'!$A$1:$AQ$1,0)) -> $AP$48 | B51: =B50+1 -> 44 | D51: Heat | E51: =INDIRECT("'"&E$8&"'!"&$A51)*VLOOKUP($D$8,Tables!$C$1:$D$3,2,0) -> 0 | F51: =INDIRECT("'"&F$8&"'!"&$A51)*VLOOKUP($D$8,Tables!$C$1:$D$3,2,0) -> 0 | G51: =INDIRECT("'"&G$8&"'!"&$A51)*VLOOKUP($D$8,Tables!$C$1:$D$3,2,0) -> 0 | H51: =INDIRECT("'"&H$8&"'!"&$A51)*VLOOKUP($D$8,Tables!$C$1:$D$3,2,0) -> 0 | I51: =INDIRECT("'"&I$8&"'!"&$A51)*VLOOKUP($D$8,Tables!$C$1:$D$3,2,0) -> 0 | J51: =INDIRECT("'"&J$8&"'!"&$A51)*VLOOKUP($D$8,Tables!$C$1:$D$3,2,0) -> 0 | K51: =INDIRECT("'"&K$8&"'!"&$A51)*VLOOKUP($D$8,Tables!$C$1:$D$3,2,0) -> 0 | L51: =INDIRECT("'"&L$8&"'!"&$A51)*VLOOKUP($D$8,Tables!$C$1:$D$3,2,0) -> 0 | ... AM51: =INDIRECT("'"&AM$8&"'!"&$A51)*VLOOKUP($D$8,Tables!$C$1:$D$3,2,0) -> 0 | AP51: =HLOOKUP(AP$8,$E$8:$AP$230,$B51,0)/HLOOKUP(AP$8,$E$8:$AN$230,$B11,0) -> 0 | AQ51: =HLOOKUP(AQ$8,$E$8:$AP$230,$B51,0)/HLOOKUP(AQ$8,$E$8:$AN$230,$B11,0) -> 0 | AR51: =HLOOKUP(AR$8,$E$8:$AP$230,$B51,0)/HLOOKUP(AR$8,$E$8:$AN$230,$B11,0) -> 0 | AS51: =HLOOKUP(AS$8,$E$8:$AP$230,$B51,0)/HLOOKUP(AS$8,$E$8:$AN$230,$B11,0) -> 0 | AT51: =HLOOKUP(AT$8,$E$8:$AP$230,$B51,0)/HLOOKUP(AT$8,$E$8:$AN$230,$B11,0) -> 0 | AV51: =IFERROR(POWER(INDEX($E51:$AN51,AV$5)/INDEX($E51:$AN51,AV$4),1/AV$6)-1,) -> 0 | AW51: =IFERROR(POWER(INDEX($E51:$AN51,AW$5)/INDEX($E51:$AN51,AW$4),1/AW$6)-1,) -> 0 | AX51: =IFERROR(POWER(INDEX($E51:$AN51,AX$5)/INDEX($E51:$AN51,AX$4),1/AX$6)-1,) -> 0 | AY51: =IFERROR(POWER(INDEX($E51:$AN51,AY$5)/INDEX($E51:$AN51,AY$4),1/AY$6)-1,) -> 0 | AZ51: =IFERROR(POWER(INDEX($E51:$AN51,AZ$5)/INDEX($E51:$AN51,AZ$4),1/AZ$6)-1,) -> 0 | BA51: =IFERROR(POWER(INDEX($E51:$AN51,BA$5)/INDEX($E51:$AN51,BA$4),1/BA$6)-1,) -> 0
A52: =ADDRESS(MATCH($D10,'2021'!$A$1:$A$86,0),MATCH($D52,'2021'!$A$1:$AQ$1,0)) -> $AQ$48 | B52: =B51+1 -> 45 | D52: Total | E52: =INDIRECT("'"&E$8&"'!"&$A52)*VLOOKUP($D$8,Tables!$C$1:$D$3,2,0) -> 38778.282 | F52: =INDIRECT("'"&F$8&"'!"&$A52)*VLOOKUP($D$8,Tables!$C$1:$D$3,2,0) -> 41086.149 | G52: =INDIRECT("'"&G$8&"'!"&$A52)*VLOOKUP($D$8,Tables!$C$1:$D$3,2,0) -> 42361.606 | H52: =INDIRECT("'"&H$8&"'!"&$A52)*VLOOKUP($D$8,Tables!$C$1:$D$3,2,0) -> 44132.402 | I52: =INDIRECT("'"&I$8&"'!"&$A52)*VLOOKUP($D$8,Tables!$C$1:$D$3,2,0) -> 46636.339 | J52: =INDIRECT("'"&J$8&"'!"&$A52)*VLOOKUP($D$8,Tables!$C$1:$D$3,2,0) -> 49254.873 | K52: =INDIRECT("'"&K$8&"'!"&$A52)*VLOOKUP($D$8,Tables!$C$1:$D$3,2,0) -> 52720.822 | L52: =INDIRECT("'"&L$8&"'!"&$A52)*VLOOKUP($D$8,Tables!$C$1:$D$3,2,0) -> 56440.367 | ... AM52: =INDIRECT("'"&AM$8&"'!"&$A52)*VLOOKUP($D$8,Tables!$C$1:$D$3,2,0) -> 90468.312 | AP52: =HLOOKUP(AP$8,$E$8:$AP$230,$B52,0)/HLOOKUP(AP$8,$E$8:$AN$230,$B11,0) -> 1 | AQ52: =HLOOKUP(AQ$8,$E$8:$AP$230,$B52,0)/HLOOKUP(AQ$8,$E$8:$AN$230,$B11,0) -> 1 | AR52: =HLOOKUP(AR$8,$E$8:$AP$230,$B52,0)/HLOOKUP(AR$8,$E$8:$AN$230,$B11,0) -> 1 | AS52: =HLOOKUP(AS$8,$E$8:$AP$230,$B52,0)/HLOOKUP(AS$8,$E$8:$AN$230,$B11,0) -> 1 | AT52: =HLOOKUP(AT$8,$E$8:$AP$230,$B52,0)/HLOOKUP(AT$8,$E$8:$AN$230,$B11,0) -> 1 | AV52: =IFERROR(POWER(INDEX($E52:$AN52,AV$5)/INDEX($E52:$AN52,AV$4),1/AV$6)-1,) -> 0.024188392 | AW52: =IFERROR(POWER(INDEX($E52:$AN52,AW$5)/INDEX($E52:$AN52,AW$4),1/AW$6)-1,) -> 0.053673842 | AX52: =IFERROR(POWER(INDEX($E52:$AN52,AX$5)/INDEX($E52:$AN52,AX$4),1/AX$6)-1,) -> 0.038327434 | AY52: =IFERROR(POWER(INDEX($E52:$AN52,AY$5)/INDEX($E52:$AN52,AY$4),1/AY$6)-1,) -> -0.006706154 | AZ52: =IFERROR(POWER(INDEX($E52:$AN52,AZ$5)/INDEX($E52:$AN52,AZ$4),1/AZ$6)-1,) -> -0.0091672453 | BA52: =IFERROR(POWER(INDEX($E52:$AN52,BA$5)/INDEX($E52:$AN52,BA$4),1/BA$6)-1,) -> 0.0022584469
B53: =B52+1 -> 46
AN63: =AJ52/AH52 -> 0.86277531
AL65: =AL50/AL11 -> 0.010735894 | AM65: =AM50/AM11 -> 0.014123467
B115: =B114+1 -> 1
B116: =B115+1 -> 2
B117: =B116+1 -> 3
B118: =B117+1 -> 4
B119: =B118+1 -> 5
B120: =B119+1 -> 6
B121: =B120+1 -> 7
B122: =B121+1 -> 8
B123: =B122+1 -> 9
B124: =B123+1 -> 10
B125: =B124+1 -> 11
B126: =B125+1 -> 12
... B230: =B229+1 -> 116

Sheet Timeseries-CO2
AQ4: =AQ8-1990 -> 0 | AR4: =AR8-1990 -> 10 | AS4: =AS8-1990 -> 20 | AT4: =AT8-1990 -> 31 | AU4: =AU8-1990 -> 32 | AW4: =AW8-1990+1 -> 1 | AX4: =AX8-1990+1 -> 1 | AY4: =AY8-1990+1 -> 11 | AZ4: =AZ8-1990+1 -> 19 | BA4: =BA8-1990+1 -> 26 | BB4: =BB8-1990+1 -> 16
AW5: =AW9-1990+1 -> 32 | AX5: =AX9-1990+1 -> 11 | AY5: =AY9-1990+1 -> 19 | AZ5: =AZ9-1990+1 -> 23 | BA5: =BA9-1990+1 -> 33 | BB5: =BB9-1990+1 -> 6561
AW6: =AW9-AW8 -> 31 | AX6: =AX9-AX8 -> 10 | AY6: =AY9-AY8 -> 8 | AZ6: =AZ9-AZ8 -> 4 | BA6: =BA9-BA8 -> 7 | BB6: =BB9-BB8 -> 6545
D7: ktCO2 | E7: Time Series | AQ7: % Shares | AW7: Average Annual Growth Rate %
E8: 1990 | F8: =E8+1 -> 1991 | G8: =F8+1 -> 1992 | H8: =G8+1 -> 1993 | I8: =H8+1 -> 1994 | J8: =I8+1 -> 1995 | K8: =J8+1 -> 1996 | L8: =K8+1 -> 1997 | M8: =L8+1 -> 1998 | ... AM8: =AL8+1 -> 2024 | AQ8: 1990 | AR8: 2000 | AS8: 2010 | AT8: 2021 | AU8: 2022 | AW8: 1990 | AX8: 1990 | AY8: 2000 | AZ8: 2008 | BA8: 2015 | BB8: 2005
AW9: 2021 | AX9: 2000 | AY9: 2008 | AZ9: 2012 | BA9: 2022 | BB9: 8550
D10: Primary Energy Requirement (excl. non-energy)
B11: 4 | E11: =SUM(E12,E17,E21,E36,E37,E48,E49,E51) -> 31461.413 | F11: =SUM(F12,F17,F21,F36,F37,F48,F49,F51) -> 31903.389 | G11: =SUM(G12,G17,G21,G36,G37,G48,G49,G51) -> 31810.795 | H11: =SUM(H12,H17,H21,H36,H37,H48,H49,H51) -> 32176.389 | I11: =SUM(I12,I17,I21,I36,I37,I48,I49,I51) -> 33336.598 | J11: =SUM(J12,J17,J21,J36,J37,J48,J49,J51) -> 33870.243 | K11: =SUM(K12,K17,K21,K36,K37,K48,K49,K51) -> 35426.654 | L11: =SUM(L12,L17,L21,L36,L37,L48,L49,L51) -> 36673.724 | ... AM11: =SUM(AM12,AM17,AM21,AM36,AM37,AM48,AM49,AM51) -> 33554.576 | AQ11: =SUM(AQ12,AQ17,AQ21,AQ36,AQ37,AQ49,AQ50,AQ51) -> 1 | AR11: =SUM(AR12,AR17,AR21,AR36,AR37,AR49,AR50,AR51) -> 1 | AS11: =SUM(AS12,AS17,AS21,AS36,AS37,AS49,AS50,AS51) -> 1 | AT11: =SUM(AT12,AT17,AT21,AT36,AT37,AT49,AT50,AT51) -> 1 | AU11: =SUM(AU12,AU17,AU21,AU36,AU37,AU49,AU50,AU51) -> 1 | AW11: =IFERROR(POWER(INDEX($E11:$AL11,AW$5)/INDEX($E11:$AL11,AW$4),1/AW$6)-1,) -> 0.0032497312 | AX11: =IFERROR(POWER(INDEX($E11:$AL11,AX$5)/INDEX($E11:$AL11,AX$4),1/AX$6)-1,) -> 0.02934722 | AY11: =IFERROR(POWER(INDEX($E11:$AL11,AY$5)/INDEX($E11:$AL11,AY$4),1/AY$6)-1,) -> 0.01483935 | AZ11: =IFERROR(POWER(INDEX($E11:$AL11,AZ$5)/INDEX($E11:$AL11,AZ$4),1/AZ$6)-1,) -> -0.053347263 | BA11: =IFERROR(POWER(INDEX($E11:$AL11,BA$5)/INDEX($E11:$AL11,BA$4),1/BA$6)-1,) -> -0.010569191 | BB11: =IFERROR(POWER(INDEX($E11:$AL11,BB$5)/INDEX($E11:$AL11,BB$4),1/BB$6)-1,) -> 0
A12: =ADDRESS(MATCH($D10,'2021'!$A$1:$A$72,0),MATCH($D12,'2021'!$A$1:$AQ$1,0)) -> $C$8 | B12: =B11+1 -> 5 | D12: Coal | E12: =SUM(E13:E16) -> 8257.8769 | F12: =SUM(F13:F16) -> 8098.3573 | G12: =SUM(G13:G16) -> 7431.1208 | H12: =SUM(H13:H16) -> 7352.3068 | I12: =SUM(I13:I16) -> 6863.649 | J12: =SUM(J13:J16) -> 7038.2843 | K12: =SUM(K13:K16) -> 7593.8495 | L12: =SUM(L13:L16) -> 7128.8448 | ... AM12: =SUM(AM13:AM16) -> 1116.4816 | AQ12: =HLOOKUP(AQ$8,$E$8:$AL$230,$B12,0)/HLOOKUP(AQ$8,$E$8:$AL$230,$B11,0) -> 0.26247635 | AR12: =HLOOKUP(AR$8,$E$8:$AL$230,$B12,0)/HLOOKUP(AR$8,$E$8:$AL$230,$B11,0) -> 0.17092096 | AS12: =HLOOKUP(AS$8,$E$8:$AL$230,$B12,0)/HLOOKUP(AS$8,$E$8:$AL$230,$B11,0) -> 0.11775883 | AT12: =HLOOKUP(AT$8,$E$8:$AL$230,$B12,0)/HLOOKUP(AT$8,$E$8:$AL$230,$B11,0) -> 0.10416306 | AU12: =HLOOKUP(AU$8,$E$8:$AL$230,$B12,0)/HLOOKUP(AU$8,$E$8:$AL$230,$B11,0) -> 0.08067065 | AW12: =IFERROR(POWER(INDEX($E12:$AL12,AW$5)/INDEX($E12:$AL12,AW$4),1/AW$6)-1,) -> -0.026218713 | AX12: =IFERROR(POWER(INDEX($E12:$AL12,AX$5)/INDEX($E12:$AL12,AX$4),1/AX$6)-1,) -> -0.013874 | AY12: =IFERROR(POWER(INDEX($E12:$AL12,AY$5)/INDEX($E12:$AL12,AY$4),1/AY$6)-1,) -> -0.030950246 | AZ12: =IFERROR(POWER(INDEX($E12:$AL12,AZ$5)/INDEX($E12:$AL12,AZ$4),1/AZ$6)-1,) -> 0.013114067 | BA12: =IFERROR(POWER(INDEX($E12:$AL12,BA$5)/INDEX($E12:$AL12,BA$4),1/BA$6)-1,) -> -0.095327015 | BB12: =IFERROR(POWER(INDEX($E12:$AL12,BB$5)/INDEX($E12:$AL12,BB$4),1/BB$6)-1,) -> 0
A13: =ADDRESS(MATCH($D10,'2021'!$A$1:$A$72,0),MATCH($D13,'2021'!$A$1:$AQ$1,0)) -> $D$8 | B13: =B12+1 -> 6 | D13: Bituminous Coal | E13: =INDIRECT("'"&E$8&"'!"&$A13)*VLOOKUP($D13,Tables!$G$10:$K$33,4,0) -> 8186.5783 | F13: =INDIRECT("'"&F$8&"'!"&$A13)*VLOOKUP($D13,Tables!$G$10:$K$33,4,0) -> 7598.3334 | G13: =INDIRECT("'"&G$8&"'!"&$A13)*VLOOKUP($D13,Tables!$G$10:$K$33,4,0) -> 6818.8483 | H13: =INDIRECT("'"&H$8&"'!"&$A13)*VLOOKUP($D13,Tables!$G$10:$K$33,4,0) -> 6809.8762 | I13: =INDIRECT("'"&I$8&"'!"&$A13)*VLOOKUP($D13,Tables!$G$10:$K$33,4,0) -> 6526.7287 | J13: =INDIRECT("'"&J$8&"'!"&$A13)*VLOOKUP($D13,Tables!$G$10:$K$33,4,0) -> 6766.8899 | K13: =INDIRECT("'"&K$8&"'!"&$A13)*VLOOKUP($D13,Tables!$G$10:$K$33,4,0) -> 7330.4718 | L13: =INDIRECT("'"&L$8&"'!"&$A13)*VLOOKUP($D13,Tables!$G$10:$K$33,4,0) -> 6981.0561 | ... AM13: =INDIRECT("'"&AM$8&"'!"&$A13)*VLOOKUP($D13,Tables!$G$10:$K$33,4,0) -> 891.84436 | AQ13: =HLOOKUP(AQ$8,$E$8:$AL$230,$B13,0)/HLOOKUP(AQ$8,$E$8:$AL$230,$B11,0) -> 0.26021013 | AR13: =HLOOKUP(AR$8,$E$8:$AL$230,$B13,0)/HLOOKUP(AR$8,$E$8:$AL$230,$B11,0) -> 0.16630239 | AS13: =HLOOKUP(AS$8,$E$8:$AL$230,$B13,0)/HLOOKUP(AS$8,$E$8:$AL$230,$B11,0) -> 0.11405064 | AT13: =HLOOKUP(AT$8,$E$8:$AL$230,$B13,0)/HLOOKUP(AT$8,$E$8:$AL$230,$B11,0) -> 0.098766139 | AU13: =HLOOKUP(AU$8,$E$8:$AL$230,$B13,0)/HLOOKUP(AU$8,$E$8:$AL$230,$B11,0) -> 0.075135298 | AW13: =IFERROR(POWER(INDEX($E13:$AL13,AW$5)/INDEX($E13:$AL13,AW$4),1/AW$6)-1,) -> -0.027616537 | AX13: =IFERROR(POWER(INDEX($E13:$AL13,AX$5)/INDEX($E13:$AL13,AX$4),1/AX$6)-1,) -> -0.015718491 | AY13: =IFERROR(POWER(INDEX($E13:$AL13,AY$5)/INDEX($E13:$AL13,AY$4),1/AY$6)-1,) -> -0.03129879 | AZ13: =IFERROR(POWER(INDEX($E13:$AL13,AZ$5)/INDEX($E13:$AL13,AZ$4),1/AZ$6)-1,) -> 0.011990139 | BA13: =IFERROR(POWER(INDEX($E13:$AL13,BA$5)/INDEX($E13:$AL13,BA$4),1/BA$6)-1,) -> -0.098294839 | BB13: =IFERROR(POWER(INDEX($E13:$AL13,BB$5)/INDEX($E13:$AL13,BB$4),1/BB$6)-1,) -> 0
A14: =ADDRESS(MATCH($D10,'2021'!$A$1:$A$72,0),MATCH($D14,'2021'!$A$1:$AQ$1,0)) -> $E$8 | B14: =B13+1 -> 7 | D14: Anthracite + Manufactured Ovoids | E14: =INDIRECT("'"&E$8&"'!"&$A14)*VLOOKUP($D14,Tables!$G$10:$K$33,4,0) -> 0 | F14: =INDIRECT("'"&F$8&"'!"&$A14)*VLOOKUP($D14,Tables!$G$10:$K$33,4,0) -> 368.78567 | G14: =INDIRECT("'"&G$8&"'!"&$A14)*VLOOKUP($D14,Tables!$G$10:$K$33,4,0) -> 511.03157 | H14: =INDIRECT("'"&H$8&"'!"&$A14)*VLOOKUP($D14,Tables!$G$10:$K$33,4,0) -> 459.92129 | I14: =INDIRECT("'"&I$8&"'!"&$A14)*VLOOKUP($D14,Tables!$G$10:$K$33,4,0) -> 256.30248 | J14: =INDIRECT("'"&J$8&"'!"&$A14)*VLOOKUP($D14,Tables!$G$10:$K$33,4,0) -> 187.02702 | K14: =INDIRECT("'"&K$8&"'!"&$A14)*VLOOKUP($D14,Tables!$G$10:$K$33,4,0) -> 187.02702 | L14: =INDIRECT("'"&L$8&"'!"&$A14)*VLOOKUP($D14,Tables!$G$10:$K$33,4,0) -> 76.391318 | ... AM14: =INDIRECT("'"&AM$8&"'!"&$A14)*VLOOKUP($D14,Tables!$G$10:$K$33,4,0) -> 213.45078 | AQ14: =HLOOKUP(AQ$8,$E$8:$AL$230,$B14,0)/HLOOKUP(AQ$8,$E$8:$AL$230,$B11,0) -> 0 | AR14: =HLOOKUP(AR$8,$E$8:$AL$230,$B14,0)/HLOOKUP(AR$8,$E$8:$AL$230,$B11,0) -> 0.0030159945 | AS14: =HLOOKUP(AS$8,$E$8:$AL$230,$B14,0)/HLOOKUP(AS$8,$E$8:$AL$230,$B11,0) -> 0.0027149509 | AT14: =HLOOKUP(AT$8,$E$8:$AL$230,$B14,0)/HLOOKUP(AT$8,$E$8:$AL$230,$B11,0) -> 0.0040874205 | AU14: =HLOOKUP(AU$8,$E$8:$AL$230,$B14,0)/HLOOKUP(AU$8,$E$8:$AL$230,$B11,0) -> 0.0048082094 | AW14: =IFERROR(POWER(INDEX($E14:$AL14,AW$5)/INDEX($E14:$AL14,AW$4),1/AW$6)-1,) -> 0 | AX14: =IFERROR(POWER(INDEX($E14:$AL14,AX$5)/INDEX($E14:$AL14,AX$4),1/AX$6)-1,) -> 0 | AY14: =IFERROR(POWER(INDEX($E14:$AL14,AY$5)/INDEX($E14:$AL14,AY$4),1/AY$6)-1,) -> -0.0074834548 | AZ14: =IFERROR(POWER(INDEX($E14:$AL14,AZ$5)/INDEX($E14:$AL14,AZ$4),1/AZ$6)-1,) -> 0.058552276 | BA14: =IFERROR(POWER(INDEX($E14:$AL14,BA$5)/INDEX($E14:$AL14,BA$4),1/BA$6)-1,) -> -0.02442458 | BB14: =IFERROR(POWER(INDEX($E14:$AL14,BB$5)/INDEX($E14:$AL14,BB$4),1/BB$6)-1,) -> 0
A15: =ADDRESS(MATCH($D10,'2021'!$A$1:$A$72,0),MATCH($D15,'2021'!$A$1:$AQ$1,0)) -> $F$8 | B15: =B14+1 -> 8 | D15: Coke | E15: =INDIRECT("'"&E$8&"'!"&$A15)*VLOOKUP($D15,Tables!$G$10:$K$33,4,0) -> 0 | F15: =INDIRECT("'"&F$8&"'!"&$A15)*VLOOKUP($D15,Tables!$G$10:$K$33,4,0) -> 0 | G15: =INDIRECT("'"&G$8&"'!"&$A15)*VLOOKUP($D15,Tables!$G$10:$K$33,4,0) -> 0 | H15: =INDIRECT("'"&H$8&"'!"&$A15)*VLOOKUP($D15,Tables!$G$10:$K$33,4,0) -> 0 | I15: =INDIRECT("'"&I$8&"'!"&$A15)*VLOOKUP($D15,Tables!$G$10:$K$33,4,0) -> 0 | J15: =INDIRECT("'"&J$8&"'!"&$A15)*VLOOKUP($D15,Tables!$G$10:$K$33,4,0) -> 0 | K15: =INDIRECT("'"&K$8&"'!"&$A15)*VLOOKUP($D15,Tables!$G$10:$K$33,4,0) -> 0 | L15: =INDIRECT("'"&L$8&"'!"&$A15)*VLOOKUP($D15,Tables!$G$10:$K$33,4,0) -> 0 | ... AM15: =INDIRECT("'"&AM$8&"'!"&$A15)*VLOOKUP($D15,Tables!$G$10:$K$33,4,0) -> 0 | AQ15: =HLOOKUP(AQ$8,$E$8:$AL$230,$B15,0)/HLOOKUP(AQ$8,$E$8:$AL$230,$B11,0) -> 0 | AR15: =HLOOKUP(AR$8,$E$8:$AL$230,$B15,0)/HLOOKUP(AR$8,$E$8:$AL$230,$B11,0) -> 0 | AS15: =HLOOKUP(AS$8,$E$8:$AL$230,$B15,0)/HLOOKUP(AS$8,$E$8:$AL$230,$B11,0) -> 0 | AT15: =HLOOKUP(AT$8,$E$8:$AL$230,$B15,0)/HLOOKUP(AT$8,$E$8:$AL$230,$B11,0) -> 0 | AU15: =HLOOKUP(AU$8,$E$8:$AL$230,$B15,0)/HLOOKUP(AU$8,$E$8:$AL$230,$B11,0) -> 0 | AW15: =IFERROR(POWER(INDEX($E15:$AL15,AW$5)/INDEX($E15:$AL15,AW$4),1/AW$6)-1,) -> 0 | AX15: =IFERROR(POWER(INDEX($E15:$AL15,AX$5)/INDEX($E15:$AL15,AX$4),1/AX$6)-1,) -> 0 | AY15: =IFERROR(POWER(INDEX($E15:$AL15,AY$5)/INDEX($E15:$AL15,AY$4),1/AY$6)-1,) -> 0 | AZ15: =IFERROR(POWER(INDEX($E15:$AL15,AZ$5)/INDEX($E15:$AL15,AZ$4),1/AZ$6)-1,) -> 0 | BA15: =IFERROR(POWER(INDEX($E15:$AL15,BA$5)/INDEX($E15:$AL15,BA$4),1/BA$6)-1,) -> 0 | BB15: =IFERROR(POWER(INDEX($E15:$AL15,BB$5)/INDEX($E15:$AL15,BB$4),1/BB$6)-1,) -> 0
A16: =ADDRESS(MATCH($D10,'2021'!$A$1:$A$72,0),MATCH($D16,'2021'!$A$1:$AQ$1,0)) -> $G$8 | B16: =B15+1 -> 9 | D16: Lignite \ Brown Coal Briquettes | E16: =INDIRECT("'"&E$8&"'!"&$A16)*VLOOKUP($D16,Tables!$G$10:$K$33,4,0) -> 71.298629 | F16: =INDIRECT("'"&F$8&"'!"&$A16)*VLOOKUP($D16,Tables!$G$10:$K$33,4,0) -> 131.23823 | G16: =INDIRECT("'"&G$8&"'!"&$A16)*VLOOKUP($D16,Tables!$G$10:$K$33,4,0) -> 101.24092 | H16: =INDIRECT("'"&H$8&"'!"&$A16)*VLOOKUP($D16,Tables!$G$10:$K$33,4,0) -> 82.509251 | I16: =INDIRECT("'"&I$8&"'!"&$A16)*VLOOKUP($D16,Tables!$G$10:$K$33,4,0) -> 80.617771 | J16: =INDIRECT("'"&J$8&"'!"&$A16)*VLOOKUP($D16,Tables!$G$10:$K$33,4,0) -> 84.367435 | K16: =INDIRECT("'"&K$8&"'!"&$A16)*VLOOKUP($D16,Tables!$G$10:$K$33,4,0) -> 76.350654 | L16: =INDIRECT("'"&L$8&"'!"&$A16)*VLOOKUP($D16,Tables!$G$10:$K$33,4,0) -> 71.397348 | ... AM16: =INDIRECT("'"&AM$8&"'!"&$A16)*VLOOKUP($D16,Tables!$G$10:$K$33,4,0) -> 11.186431 | AQ16: =HLOOKUP(AQ$8,$E$8:$AL$230,$B16,0)/HLOOKUP(AQ$8,$E$8:$AL$230,$B11,0) -> 0.0022662246 | AR16: =HLOOKUP(AR$8,$E$8:$AL$230,$B16,0)/HLOOKUP(AR$8,$E$8:$AL$230,$B11,0) -> 0.0016025693 | AS16: =HLOOKUP(AS$8,$E$8:$AL$230,$B16,0)/HLOOKUP(AS$8,$E$8:$AL$230,$B11,0) -> 0.00099324234 | AT16: =HLOOKUP(AT$8,$E$8:$AL$230,$B16,0)/HLOOKUP(AT$8,$E$8:$AL$230,$B11,0) -> 0.0013095007 | AU16: =HLOOKUP(AU$8,$E$8:$AL$230,$B16,0)/HLOOKUP(AU$8,$E$8:$AL$230,$B11,0) -> 0.00072714267 | AW16: =IFERROR(POWER(INDEX($E16:$AL16,AW$5)/INDEX($E16:$AL16,AW$4),1/AW$6)-1,) -> -0.014344225 | AX16: =IFERROR(POWER(INDEX($E16:$AL16,AX$5)/INDEX($E16:$AL16,AX$4),1/AX$6)-1,) -> -0.0057095146 | AY16: =IFERROR(POWER(INDEX($E16:$AL16,AY$5)/INDEX($E16:$AL16,AY$4),1/AY$6)-1,) -> -0.043472478 | AZ16: =IFERROR(POWER(INDEX($E16:$AL16,AZ$5)/INDEX($E16:$AL16,AZ$4),1/AZ$6)-1,) -> 0.019023751 | BA16: =IFERROR(POWER(INDEX($E16:$AL16,BA$5)/INDEX($E16:$AL16,BA$4),1/BA$6)-1,) -> -0.12946069 | BB16: =IFERROR(POWER(INDEX($E16:$AL16,BB$5)/INDEX($E16:$AL16,BB$4),1/BB$6)-1,) -> 0
A17: =ADDRESS(MATCH($D10,'2021'!$A$1:$A$72,0),MATCH($D17,'2021'!$A$1:$AQ$1,0)) -> $H$8 | B17: =B16+1 -> 10 | D17: Peat | E17: =SUM(E18:E20) -> 6495.7232 | F17: =SUM(F18:F20) -> 6069.2694 | G17: =SUM(G18:G20) -> 6134.8951 | H17: =SUM(H18:H20) -> 5785.0461 | I17: =SUM(I18:I20) -> 5754.6656 | J17: =SUM(J18:J20) -> 5628.2721 | K17: =SUM(K18:K20) -> 5076.6929 | L17: =SUM(L18:L20) -> 4956.0518 | ... AM17: =SUM(AM18:AM20) -> 556.05743 | AQ17: =HLOOKUP(AQ$8,$E$8:$AL$230,$B17,0)/HLOOKUP(AQ$8,$E$8:$AL$230,$B11,0) -> 0.20646635 | AR17: =HLOOKUP(AR$8,$E$8:$AL$230,$B17,0)/HLOOKUP(AR$8,$E$8:$AL$230,$B11,0) -> 0.092869613 | AS17: =HLOOKUP(AS$8,$E$8:$AL$230,$B17,0)/HLOOKUP(AS$8,$E$8:$AL$230,$B11,0) -> 0.090121591 | AT17: =HLOOKUP(AT$8,$E$8:$AL$230,$B17,0)/HLOOKUP(AT$8,$E$8:$AL$230,$B11,0) -> 0.03580485 | AU17: =HLOOKUP(AU$8,$E$8:$AL$230,$B17,0)/HLOOKUP(AU$8,$E$8:$AL$230,$B11,0) -> 0.028831239 | AW17: =IFERROR(POWER(INDEX($E17:$AL17,AW$5)/INDEX($E17:$AL17,AW$4),1/AW$6)-1,) -> -0.05187925 | AX17: =IFERROR(POWER(INDEX($E17:$AL17,AX$5)/INDEX($E17:$AL17,AX$4),1/AX$6)-1,) -> -0.049692118 | AY17: =IFERROR(POWER(INDEX($E17:$AL17,AY$5)/INDEX($E17:$AL17,AY$4),1/AY$6)-1,) -> 0.010699331 | AZ17: =IFERROR(POWER(INDEX($E17:$AL17,AZ$5)/INDEX($E17:$AL17,AZ$4),1/AZ$6)-1,) -> -0.022902517 | BA17: =IFERROR(POWER(INDEX($E17:$AL17,BA$5)/INDEX($E17:$AL17,BA$4),1/BA$6)-1,) -> -0.16866749 | BB17: =IFERROR(POWER(INDEX($E17:$AL17,BB$5)/INDEX($E17:$AL17,BB$4),1/BB$6)-1,) -> 0
A18: =ADDRESS(MATCH($D10,'2021'!$A$1:$A$72,0),MATCH($D18,'2021'!$A$1:$AQ$1,0)) -> $I$8 | B18: =B17+1 -> 11 | D18: Milled Peat | E18: =INDIRECT("'"&E$8&"'!"&$A18)*VLOOKUP($D18,Tables!$G$10:$K$33,4,0) -> 3823.9086 | F18: =INDIRECT("'"&F$8&"'!"&$A18)*VLOOKUP($D18,Tables!$G$10:$K$33,4,0) -> 3948.4957 | G18: =INDIRECT("'"&G$8&"'!"&$A18)*VLOOKUP($D18,Tables!$G$10:$K$33,4,0) -> 4023.9269 | H18: =INDIRECT("'"&H$8&"'!"&$A18)*VLOOKUP($D18,Tables!$G$10:$K$33,4,0) -> 3724.0647 | I18: =INDIRECT("'"&I$8&"'!"&$A18)*VLOOKUP($D18,Tables!$G$10:$K$33,4,0) -> 3762.2459 | J18: =INDIRECT("'"&J$8&"'!"&$A18)*VLOOKUP($D18,Tables!$G$10:$K$33,4,0) -> 3581.5836 | K18: =INDIRECT("'"&K$8&"'!"&$A18)*VLOOKUP($D18,Tables!$G$10:$K$33,4,0) -> 3528.5024 | L18: =INDIRECT("'"&L$8&"'!"&$A18)*VLOOKUP($D18,Tables!$G$10:$K$33,4,0) -> 3397.1963 | ... AM18: =INDIRECT("'"&AM$8&"'!"&$A18)*VLOOKUP($D18,Tables!$G$10:$K$33,4,0) -> -0.00051916216 | AQ18: =HLOOKUP(AQ$8,$E$8:$AL$230,$B18,0)/HLOOKUP(AQ$8,$E$8:$AL$230,$B11,0) -> 0.12154281 | AR18: =HLOOKUP(AR$8,$E$8:$AL$230,$B18,0)/HLOOKUP(AR$8,$E$8:$AL$230,$B11,0) -> 0.074474553 | AS18: =HLOOKUP(AS$8,$E$8:$AL$230,$B18,0)/HLOOKUP(AS$8,$E$8:$AL$230,$B11,0) -> 0.074573147 | AT18: =HLOOKUP(AT$8,$E$8:$AL$230,$B18,0)/HLOOKUP(AT$8,$E$8:$AL$230,$B11,0) -> 0.020121152 | AU18: =HLOOKUP(AU$8,$E$8:$AL$230,$B18,0)/HLOOKUP(AU$8,$E$8:$AL$230,$B11,0) -> 0.013115625 | AW18: =IFERROR(POWER(INDEX($E18:$AL18,AW$5)/INDEX($E18:$AL18,AW$4),1/AW$6)-1,) -> -0.053298559 | AX18: =IFERROR(POWER(INDEX($E18:$AL18,AX$5)/INDEX($E18:$AL18,AX$4),1/AX$6)-1,) -> -0.019856287 | AY18: =IFERROR(POWER(INDEX($E18:$AL18,AY$5)/INDEX($E18:$AL18,AY$4),1/AY$6)-1,) -> 0.013168982 | AZ18: =IFERROR(POWER(INDEX($E18:$AL18,AZ$5)/INDEX($E18:$AL18,AZ$4),1/AZ$6)-1,) -> -0.01105393 | BA18: =IFERROR(POWER(INDEX($E18:$AL18,BA$5)/INDEX($E18:$AL18,BA$4),1/BA$6)-1,) -> -0.23890544 | BB18: =IFERROR(POWER(INDEX($E18:$AL18,BB$5)/INDEX($E18:$AL18,BB$4),1/BB$6)-1,) -> 0
A19: =ADDRESS(MATCH($D10,'2021'!$A$1:$A$72,0),MATCH($D19,'2021'!$A$1:$AQ$1,0)) -> $J$8 | B19: =B18+1 -> 12 | D19: Sod Peat | E19: =INDIRECT("'"&E$8&"'!"&$A19)*VLOOKUP($D19,Tables!$G$10:$K$33,4,0) -> 2688.3711 | F19: =INDIRECT("'"&F$8&"'!"&$A19)*VLOOKUP($D19,Tables!$G$10:$K$33,4,0) -> 2056.5967 | G19: =INDIRECT("'"&G$8&"'!"&$A19)*VLOOKUP($D19,Tables!$G$10:$K$33,4,0) -> 2228.3205 | H19: =INDIRECT("'"&H$8&"'!"&$A19)*VLOOKUP($D19,Tables!$G$10:$K$33,4,0) -> 2027.9761 | I19: =INDIRECT("'"&I$8&"'!"&$A19)*VLOOKUP($D19,Tables!$G$10:$K$33,4,0) -> 2056.5967 | J19: =INDIRECT("'"&J$8&"'!"&$A19)*VLOOKUP($D19,Tables!$G$10:$K$33,4,0) -> 2138.3699 | K19: =INDIRECT("'"&K$8&"'!"&$A19)*VLOOKUP($D19,Tables!$G$10:$K$33,4,0) -> 1553.6913 | L19: =INDIRECT("'"&L$8&"'!"&$A19)*VLOOKUP($D19,Tables!$G$10:$K$33,4,0) -> 1560.5058 | ... AM19: =INDIRECT("'"&AM$8&"'!"&$A19)*VLOOKUP($D19,Tables!$G$10:$K$33,4,0) -> 556.05795 | AQ19: =HLOOKUP(AQ$8,$E$8:$AL$230,$B19,0)/HLOOKUP(AQ$8,$E$8:$AL$230,$B11,0) -> 0.085449787 | AR19: =HLOOKUP(AR$8,$E$8:$AL$230,$B19,0)/HLOOKUP(AR$8,$E$8:$AL$230,$B11,0) -> 0.018133203 | AS19: =HLOOKUP(AS$8,$E$8:$AL$230,$B19,0)/HLOOKUP(AS$8,$E$8:$AL$230,$B11,0) -> 0.017331458 | AT19: =HLOOKUP(AT$8,$E$8:$AL$230,$B19,0)/HLOOKUP(AT$8,$E$8:$AL$230,$B11,0) -> 0.015983107 | AU19: =HLOOKUP(AU$8,$E$8:$AL$230,$B19,0)/HLOOKUP(AU$8,$E$8:$AL$230,$B11,0) -> 0.015579306 | AW19: =IFERROR(POWER(INDEX($E19:$AL19,AW$5)/INDEX($E19:$AL19,AW$4),1/AW$6)-1,) -> -0.049562473 | AX19: =IFERROR(POWER(INDEX($E19:$AL19,AX$5)/INDEX($E19:$AL19,AX$4),1/AX$6)-1,) -> -0.11846766 | AY19: =IFERROR(POWER(INDEX($E19:$AL19,AY$5)/INDEX($E19:$AL19,AY$4),1/AY$6)-1,) -> -0.0010053191 | AZ19: =IFERROR(POWER(INDEX($E19:$AL19,AZ$5)/INDEX($E19:$AL19,AZ$4),1/AZ$6)-1,) -> -0.073840604 | BA19: =IFERROR(POWER(INDEX($E19:$AL19,BA$5)/INDEX($E19:$AL19,BA$4),1/BA$6)-1,) -> 0 | BB19: =IFERROR(POWER(INDEX($E19:$AL19,BB$5)/INDEX($E19:$AL19,BB$4),1/BB$6)-1,) -> 0
A20: =ADDRESS(MATCH($D10,'2021'!$A$1:$A$72,0),MATCH($D20,'2021'!$A$1:$AQ$1,0)) -> $K$8 | B20: =B19+1 -> 13 | D20: Briquettes | E20: =INDIRECT("'"&E$8&"'!"&$A20)*VLOOKUP($D20,Tables!$G$10:$K$33,4,0) -> -16.556468 | F20: =INDIRECT("'"&F$8&"'!"&$A20)*VLOOKUP($D20,Tables!$G$10:$K$33,4,0) -> 64.177009 | G20: =INDIRECT("'"&G$8&"'!"&$A20)*VLOOKUP($D20,Tables!$G$10:$K$33,4,0) -> -117.35225 | H20: =INDIRECT("'"&H$8&"'!"&$A20)*VLOOKUP($D20,Tables!$G$10:$K$33,4,0) -> 33.005319 | I20: =INDIRECT("'"&I$8&"'!"&$A20)*VLOOKUP($D20,Tables!$G$10:$K$33,4,0) -> -64.177009 | J20: =INDIRECT("'"&J$8&"'!"&$A20)*VLOOKUP($D20,Tables!$G$10:$K$33,4,0) -> -91.681442 | K20: =INDIRECT("'"&K$8&"'!"&$A20)*VLOOKUP($D20,Tables!$G$10:$K$33,4,0) -> -5.5008865 | L20: =INDIRECT("'"&L$8&"'!"&$A20)*VLOOKUP($D20,Tables!$G$10:$K$33,4,0) -> -1.6502659 | ... AM20: =INDIRECT("'"&AM$8&"'!"&$A20)*VLOOKUP($D20,Tables!$G$10:$K$33,4,0) -> 0 | AQ20: =HLOOKUP(AQ$8,$E$8:$AL$230,$B20,0)/HLOOKUP(AQ$8,$E$8:$AL$230,$B11,0) -> -0.0005262468 | AR20: =HLOOKUP(AR$8,$E$8:$AL$230,$B20,0)/HLOOKUP(AR$8,$E$8:$AL$230,$B11,0) -> 0.00026185779 | AS20: =HLOOKUP(AS$8,$E$8:$AL$230,$B20,0)/HLOOKUP(AS$8,$E$8:$AL$230,$B11,0) -> -0.0017830144 | AT20: =HLOOKUP(AT$8,$E$8:$AL$230,$B20,0)/HLOOKUP(AT$8,$E$8:$AL$230,$B11,0) -> -0.00029940929 | AU20: =HLOOKUP(AU$8,$E$8:$AL$230,$B20,0)/HLOOKUP(AU$8,$E$8:$AL$230,$B11,0) -> 0.0001363077 | AW20: =IFERROR(POWER(INDEX($E20:$AL20,AW$5)/INDEX($E20:$AL20,AW$4),1/AW$6)-1,) -> -0.014836594 | AX20: =IFERROR(POWER(INDEX($E20:$AL20,AX$5)/INDEX($E20:$AL20,AX$4),1/AX$6)-1,) -> 0 | AY20: =IFERROR(POWER(INDEX($E20:$AL20,AY$5)/INDEX($E20:$AL20,AY$4),1/AY$6)-1,) -> 0.067960997 | AZ20: =IFERROR(POWER(INDEX($E20:$AL20,AZ$5)/INDEX($E20:$AL20,AZ$4),1/AZ$6)-1,) -> 0 | BA20: =IFERROR(POWER(INDEX($E20:$AL20,BA$5)/INDEX($E20:$AL20,BA$4),1/BA$6)-1,) -> -0.22654711 | BB20: =IFERROR(POWER(INDEX($E20:$AL20,BB$5)/INDEX($E20:$AL20,BB$4),1/BB$6)-1,) -> 0
A21: =ADDRESS(MATCH($D10,'2021'!$A$1:$A$72,0),MATCH($D21,'2021'!$A$1:$AQ$1,0)) -> $L$8 | B21: =B20+1 -> 14 | D21: Oil | E21: =SUM(E22:E35) -> 13295.073 | F21: =SUM(F22:F35) -> 14253.894 | G21: =SUM(G22:G35) -> 14785.174 | H21: =SUM(H22:H35) -> 14909.623 | I21: =SUM(I22:I35) -> 16614.499 | J21: =SUM(J22:J35) -> 16683.315 | K21: =SUM(K22:K35) -> 17434.062 | L21: =SUM(L22:L35) -> 19136.039 | ... AM21: =SUM(AM22:AM35) -> 21179.753 | AQ21: =HLOOKUP(AQ$8,$E$8:$AL$230,$B21,0)/HLOOKUP(AQ$8,$E$8:$AL$230,$B11,0) -> 0.42258345 | AR21: =HLOOKUP(AR$8,$E$8:$AL$230,$B21,0)/HLOOKUP(AR$8,$E$8:$AL$230,$B11,0) -> 0.56437729 | AS21: =HLOOKUP(AS$8,$E$8:$AL$230,$B21,0)/HLOOKUP(AS$8,$E$8:$AL$230,$B11,0) -> 0.52320353 | AT21: =HLOOKUP(AT$8,$E$8:$AL$230,$B21,0)/HLOOKUP(AT$8,$E$8:$AL$230,$B11,0) -> 0.54654632 | AU21: =HLOOKUP(AU$8,$E$8:$AL$230,$B21,0)/HLOOKUP(AU$8,$E$8:$AL$230,$B11,0) -> 0.57842636 | AW21: =IFERROR(POWER(INDEX($E21:$AL21,AW$5)/INDEX($E21:$AL21,AW$4),1/AW$6)-1,) -> 0.011609141 | AX21: =IFERROR(POWER(INDEX($E21:$AL21,AX$5)/INDEX($E21:$AL21,AX$4),1/AX$6)-1,) -> 0.059564991 | AY21: =IFERROR(POWER(INDEX($E21:$AL21,AY$5)/INDEX($E21:$AL21,AY$4),1/AY$6)-1,) -> 0.015238987 | AZ21: =IFERROR(POWER(INDEX($E21:$AL21,AZ$5)/INDEX($E21:$AL21,AZ$4),1/AZ$6)-1,) -> -0.088304265 | BA21: =IFERROR(POWER(INDEX($E21:$AL21,BA$5)/INDEX($E21:$AL21,BA$4),1/BA$6)-1,) -> 0.006527023 | BB21: =IFERROR(POWER(INDEX($E21:$AL21,BB$5)/INDEX($E21:$AL21,BB$4),1/BB$6)-1,) -> 0
A22: =ADDRESS(MATCH($D10,'2021'!$A$1:$A$72,0),MATCH($D22,'2021'!$A$1:$AQ$1,0)) -> $M$8 | B22: =B21+1 -> 15 | D22: Crude | E22: =INDIRECT("'"&E$8&"'!"&$A22)*VLOOKUP($D22,Tables!$G$10:$K$33,4,0) -> 5404.4338 | F22: =INDIRECT("'"&F$8&"'!"&$A22)*VLOOKUP($D22,Tables!$G$10:$K$33,4,0) -> 5356.5009 | G22: =INDIRECT("'"&G$8&"'!"&$A22)*VLOOKUP($D22,Tables!$G$10:$K$33,4,0) -> 5925.7041 | H22: =INDIRECT("'"&H$8&"'!"&$A22)*VLOOKUP($D22,Tables!$G$10:$K$33,4,0) -> 5584.1822 | I22: =INDIRECT("'"&I$8&"'!"&$A22)*VLOOKUP($D22,Tables!$G$10:$K$33,4,0) -> 6851.4081 | J22: =INDIRECT("'"&J$8&"'!"&$A22)*VLOOKUP($D22,Tables!$G$10:$K$33,4,0) -> 6677.6513 | K22: =INDIRECT("'"&K$8&"'!"&$A22)*VLOOKUP($D22,Tables!$G$10:$K$33,4,0) -> 6360.0959 | L22: =INDIRECT("'"&L$8&"'!"&$A22)*VLOOKUP($D22,Tables!$G$10:$K$33,4,0) -> 8672.8581 | ... AM22: =INDIRECT("'"&AM$8&"'!"&$A22)*VLOOKUP($D22,Tables!$G$10:$K$33,4,0) -> 5971.5859 | AQ22: =HLOOKUP(AQ$8,$E$8:$AL$230,$B22,0)/HLOOKUP(AQ$8,$E$8:$AL$230,$B11,0) -> 0.17177975 | AR22: =HLOOKUP(AR$8,$E$8:$AL$230,$B22,0)/HLOOKUP(AR$8,$E$8:$AL$230,$B11,0) -> 0.23373591 | AS22: =HLOOKUP(AS$8,$E$8:$AL$230,$B22,0)/HLOOKUP(AS$8,$E$8:$AL$230,$B11,0) -> 0.20984399 | AT22: =HLOOKUP(AT$8,$E$8:$AL$230,$B22,0)/HLOOKUP(AT$8,$E$8:$AL$230,$B11,0) -> 0.26046318 | AU22: =HLOOKUP(AU$8,$E$8:$AL$230,$B22,0)/HLOOKUP(AU$8,$E$8:$AL$230,$B11,0) -> 0.25034506 | AW22: =IFERROR(POWER(INDEX($E22:$AL22,AW$5)/INDEX($E22:$AL22,AW$4),1/AW$6)-1,) -> 0.016811579 | AX22: =IFERROR(POWER(INDEX($E22:$AL22,AX$5)/INDEX($E22:$AL22,AX$4),1/AX$6)-1,) -> 0.061542146 | AY22: =IFERROR(POWER(INDEX($E22:$AL22,AY$5)/INDEX($E22:$AL22,AY$4),1/AY$6)-1,) -> -0.0046115787 | AZ22: =IFERROR(POWER(INDEX($E22:$AL22,AZ$5)/INDEX($E22:$AL22,AZ$4),1/AZ$6)-1,) -> -0.0072807754 | BA22: =IFERROR(POWER(INDEX($E22:$AL22,BA$5)/INDEX($E22:$AL22,BA$4),1/BA$6)-1,) -> -0.016003116 | BB22: =IFERROR(POWER(INDEX($E22:$AL22,BB$5)/INDEX($E22:$AL22,BB$4),1/BB$6)-1,) -> 0
A23: =ADDRESS(MATCH($D10,'2021'!$A$1:$A$72,0),MATCH($D23,'2021'!$A$1:$AQ$1,0)) -> $N$8 | B23: =B22+1 -> 16 | D23: Refinery Feedstocks | E23: =INDIRECT("'"&E$8&"'!"&$A23)*VLOOKUP($D23,Tables!$G$10:$K$33,4,0) -> 49.920333 | F23: =INDIRECT("'"&F$8&"'!"&$A23)*VLOOKUP($D23,Tables!$G$10:$K$33,4,0) -> 49.920333 | G23: =INDIRECT("'"&G$8&"'!"&$A23)*VLOOKUP($D23,Tables!$G$10:$K$33,4,0) -> 0 | H23: =INDIRECT("'"&H$8&"'!"&$A23)*VLOOKUP($D23,Tables!$G$10:$K$33,4,0) -> 112.32075 | I23: =INDIRECT("'"&I$8&"'!"&$A23)*VLOOKUP($D23,Tables!$G$10:$K$33,4,0) -> 71.760479 | J23: =INDIRECT("'"&J$8&"'!"&$A23)*VLOOKUP($D23,Tables!$G$10:$K$33,4,0) -> 37.44025 | K23: =INDIRECT("'"&K$8&"'!"&$A23)*VLOOKUP($D23,Tables!$G$10:$K$33,4,0) -> 84.240562 | L23: =INDIRECT("'"&L$8&"'!"&$A23)*VLOOKUP($D23,Tables!$G$10:$K$33,4,0) -> 78.00052 | ... AM23: =INDIRECT("'"&AM$8&"'!"&$A23)*VLOOKUP($D23,Tables!$G$10:$K$33,4,0) -> -90.35562 | AQ23: =HLOOKUP(AQ$8,$E$8:$AL$230,$B23,0)/HLOOKUP(AQ$8,$E$8:$AL$230,$B11,0) -> 0.0015867162 | AR23: =HLOOKUP(AR$8,$E$8:$AL$230,$B23,0)/HLOOKUP(AR$8,$E$8:$AL$230,$B11,0) -> 0.001782262 | AS23: =HLOOKUP(AS$8,$E$8:$AL$230,$B23,0)/HLOOKUP(AS$8,$E$8:$AL$230,$B11,0) -> 0 | AT23: =HLOOKUP(AT$8,$E$8:$AL$230,$B23,0)/HLOOKUP(AT$8,$E$8:$AL$230,$B11,0) -> 0.00024471742 | AU23: =HLOOKUP(AU$8,$E$8:$AL$230,$B23,0)/HLOOKUP(AU$8,$E$8:$AL$230,$B11,0) -> -0.00015053614 | AW23: =IFERROR(POWER(INDEX($E23:$AL23,AW$5)/INDEX($E23:$AL23,AW$4),1/AW$6)-1,) -> -0.055458929 | AX23: =IFERROR(POWER(INDEX($E23:$AL23,AX$5)/INDEX($E23:$AL23,AX$4),1/AX$6)-1,) -> 0.041379744 | AY23: =IFERROR(POWER(INDEX($E23:$AL23,AY$5)/INDEX($E23:$AL23,AY$4),1/AY$6)-1,) -> -0.02558193 | AZ23: =IFERROR(POWER(INDEX($E23:$AL23,AZ$5)/INDEX($E23:$AL23,AZ$4),1/AZ$6)-1,) -> 0 | BA23: =IFERROR(POWER(INDEX($E23:$AL23,BA$5)/INDEX($E23:$AL23,BA$4),1/BA$6)-1,) -> 0.080742365 | BB23: =IFERROR(POWER(INDEX($E23:$AL23,BB$5)/INDEX($E23:$AL23,BB$4),1/BB$6)-1,) -> 0
A24: =ADDRESS(MATCH($D10,'2021'!$A$1:$A$72,0),MATCH($D24,'2021'!$A$1:$AQ$1,0)) -> $O$8 | B24: =B23+1 -> 17 | D24: Refinery Gas | E24: =INDIRECT("'"&E$8&"'!"&$A24)*VLOOKUP($D24,Tables!$G$10:$K$33,4,0) -> 0 | F24: =INDIRECT("'"&F$8&"'!"&$A24)*VLOOKUP($D24,Tables!$G$10:$K$33,4,0) -> 0 | G24: =INDIRECT("'"&G$8&"'!"&$A24)*VLOOKUP($D24,Tables!$G$10:$K$33,4,0) -> 0 | H24: =INDIRECT("'"&H$8&"'!"&$A24)*VLOOKUP($D24,Tables!$G$10:$K$33,4,0) -> 0 | I24: =INDIRECT("'"&I$8&"'!"&$A24)*VLOOKUP($D24,Tables!$G$10:$K$33,4,0) -> 0 | J24: =INDIRECT("'"&J$8&"'!"&$A24)*VLOOKUP($D24,Tables!$G$10:$K$33,4,0) -> 0 | K24: =INDIRECT("'"&K$8&"'!"&$A24)*VLOOKUP($D24,Tables!$G$10:$K$33,4,0) -> 0 | L24: =INDIRECT("'"&L$8&"'!"&$A24)*VLOOKUP($D24,Tables!$G$10:$K$33,4,0) -> 0 | ... AM24: =INDIRECT("'"&AM$8&"'!"&$A24)*VLOOKUP($D24,Tables!$G$10:$K$33,4,0) -> 0 | AQ24: =HLOOKUP(AQ$8,$E$8:$AL$230,$B24,0)/HLOOKUP(AQ$8,$E$8:$AL$230,$B11,0) -> 0 | AR24: =HLOOKUP(AR$8,$E$8:$AL$230,$B24,0)/HLOOKUP(AR$8,$E$8:$AL$230,$B11,0) -> 0 | AS24: =HLOOKUP(AS$8,$E$8:$AL$230,$B24,0)/HLOOKUP(AS$8,$E$8:$AL$230,$B11,0) -> 0 | AT24: =HLOOKUP(AT$8,$E$8:$AL$230,$B24,0)/HLOOKUP(AT$8,$E$8:$AL$230,$B11,0) -> 0 | AU24: =HLOOKUP(AU$8,$E$8:$AL$230,$B24,0)/HLOOKUP(AU$8,$E$8:$AL$230,$B11,0) -> 0 | AW24: =IFERROR(POWER(INDEX($E24:$AL24,AW$5)/INDEX($E24:$AL24,AW$4),1/AW$6)-1,) -> 0 | AX24: =IFERROR(POWER(INDEX($E24:$AL24,AX$5)/INDEX($E24:$AL24,AX$4),1/AX$6)-1,) -> 0 | AY24: =IFERROR(POWER(INDEX($E24:$AL24,AY$5)/INDEX($E24:$AL24,AY$4),1/AY$6)-1,) -> 0 | AZ24: =IFERROR(POWER(INDEX($E24:$AL24,AZ$5)/INDEX($E24:$AL24,AZ$4),1/AZ$6)-1,) -> 0 | BA24: =IFERROR(POWER(INDEX($E24:$AL24,BA$5)/INDEX($E24:$AL24,BA$4),1/BA$6)-1,) -> 0 | BB24: =IFERROR(POWER(INDEX($E24:$AL24,BB$5)/INDEX($E24:$AL24,BB$4),1/BB$6)-1,) -> 0
A25: =ADDRESS(MATCH($D10,'2021'!$A$1:$A$72,0),MATCH($D25,'2021'!$A$1:$AQ$1,0)) -> $P$8 | B25: =B24+1 -> 18 | D25: Gasoline | E25: =INDIRECT("'"&E$8&"'!"&$A25)*VLOOKUP($D25,Tables!$G$10:$K$33,4,0) -> 1684.8112 | F25: =INDIRECT("'"&F$8&"'!"&$A25)*VLOOKUP($D25,Tables!$G$10:$K$33,4,0) -> 1753.4517 | G25: =INDIRECT("'"&G$8&"'!"&$A25)*VLOOKUP($D25,Tables!$G$10:$K$33,4,0) -> 1900.0927 | H25: =INDIRECT("'"&H$8&"'!"&$A25)*VLOOKUP($D25,Tables!$G$10:$K$33,4,0) -> 1809.6121 | I25: =INDIRECT("'"&I$8&"'!"&$A25)*VLOOKUP($D25,Tables!$G$10:$K$33,4,0) -> 1981.2132 | J25: =INDIRECT("'"&J$8&"'!"&$A25)*VLOOKUP($D25,Tables!$G$10:$K$33,4,0) -> 2084.1739 | K25: =INDIRECT("'"&K$8&"'!"&$A25)*VLOOKUP($D25,Tables!$G$10:$K$33,4,0) -> 2255.775 | L25: =INDIRECT("'"&L$8&"'!"&$A25)*VLOOKUP($D25,Tables!$G$10:$K$33,4,0) -> 2255.775 | ... AM25: =INDIRECT("'"&AM$8&"'!"&$A25)*VLOOKUP($D25,Tables!$G$10:$K$33,4,0) -> 1343.0314 | AQ25: =HLOOKUP(AQ$8,$E$8:$AL$230,$B25,0)/HLOOKUP(AQ$8,$E$8:$AL$230,$B11,0) -> 0.05355167 | AR25: =HLOOKUP(AR$8,$E$8:$AL$230,$B25,0)/HLOOKUP(AR$8,$E$8:$AL$230,$B11,0) -> 0.066389259 | AS25: =HLOOKUP(AS$8,$E$8:$AL$230,$B25,0)/HLOOKUP(AS$8,$E$8:$AL$230,$B11,0) -> 0.07397497 | AT25: =HLOOKUP(AT$8,$E$8:$AL$230,$B25,0)/HLOOKUP(AT$8,$E$8:$AL$230,$B11,0) -> 0.0023964735 | AU25: =HLOOKUP(AU$8,$E$8:$AL$230,$B25,0)/HLOOKUP(AU$8,$E$8:$AL$230,$B11,0) -> 0.011410148 | AW25: =IFERROR(POWER(INDEX($E25:$AL25,AW$5)/INDEX($E25:$AL25,AW$4),1/AW$6)-1,) -> -0.092416778 | AX25: =IFERROR(POWER(INDEX($E25:$AL25,AX$5)/INDEX($E25:$AL25,AX$4),1/AX$6)-1,) -> 0.051706059 | AY25: =IFERROR(POWER(INDEX($E25:$AL25,AY$5)/INDEX($E25:$AL25,AY$4),1/AY$6)-1,) -> 0.029988231 | AZ25: =IFERROR(POWER(INDEX($E25:$AL25,AZ$5)/INDEX($E25:$AL25,AZ$4),1/AZ$6)-1,) -> -0.14054579 | BA25: =IFERROR(POWER(INDEX($E25:$AL25,BA$5)/INDEX($E25:$AL25,BA$4),1/BA$6)-1,) -> -0.152578 | BB25: =IFERROR(POWER(INDEX($E25:$AL25,BB$5)/INDEX($E25:$AL25,BB$4),1/BB$6)-1,) -> 0
A26: =ADDRESS(MATCH($D10,'2021'!$A$1:$A$72,0),MATCH($D26,'2021'!$A$1:$AQ$1,0)) -> $Q$8 | B26: =B25+1 -> 19 | D26: Kerosene | E26: =INDIRECT("'"&E$8&"'!"&$A26)*VLOOKUP($D26,Tables!$G$10:$K$33,4,0) -> 362.83574 | F26: =INDIRECT("'"&F$8&"'!"&$A26)*VLOOKUP($D26,Tables!$G$10:$K$33,4,0) -> 372.30102 | G26: =INDIRECT("'"&G$8&"'!"&$A26)*VLOOKUP($D26,Tables!$G$10:$K$33,4,0) -> 394.38667 | H26: =INDIRECT("'"&H$8&"'!"&$A26)*VLOOKUP($D26,Tables!$G$10:$K$33,4,0) -> 435.40289 | I26: =INDIRECT("'"&I$8&"'!"&$A26)*VLOOKUP($D26,Tables!$G$10:$K$33,4,0) -> 489.03948 | J26: =INDIRECT("'"&J$8&"'!"&$A26)*VLOOKUP($D26,Tables!$G$10:$K$33,4,0) -> 659.41452 | K26: =INDIRECT("'"&K$8&"'!"&$A26)*VLOOKUP($D26,Tables!$G$10:$K$33,4,0) -> 930.75255 | L26: =INDIRECT("'"&L$8&"'!"&$A26)*VLOOKUP($D26,Tables!$G$10:$K$33,4,0) -> 754.06732 | ... AM26: =INDIRECT("'"&AM$8&"'!"&$A26)*VLOOKUP($D26,Tables!$G$10:$K$33,4,0) -> 746.33042 | AQ26: =HLOOKUP(AQ$8,$E$8:$AL$230,$B26,0)/HLOOKUP(AQ$8,$E$8:$AL$230,$B11,0) -> 0.011532722 | AR26: =HLOOKUP(AR$8,$E$8:$AL$230,$B26,0)/HLOOKUP(AR$8,$E$8:$AL$230,$B11,0) -> 0.024481196 | AS26: =HLOOKUP(AS$8,$E$8:$AL$230,$B26,0)/HLOOKUP(AS$8,$E$8:$AL$230,$B11,0) -> 0.037536848 | AT26: =HLOOKUP(AT$8,$E$8:$AL$230,$B26,0)/HLOOKUP(AT$8,$E$8:$AL$230,$B11,0) -> 0.032404064 | AU26: =HLOOKUP(AU$8,$E$8:$AL$230,$B26,0)/HLOOKUP(AU$8,$E$8:$AL$230,$B11,0) -> 0.021445403 | AW26: =IFERROR(POWER(INDEX($E26:$AL26,AW$5)/INDEX($E26:$AL26,AW$4),1/AW$6)-1,) -> 0.037247035 | AX26: =IFERROR(POWER(INDEX($E26:$AL26,AX$5)/INDEX($E26:$AL26,AX$4),1/AX$6)-1,) -> 0.10981854 | AY26: =IFERROR(POWER(INDEX($E26:$AL26,AY$5)/INDEX($E26:$AL26,AY$4),1/AY$6)-1,) -> 0.04462283 | AZ26: =IFERROR(POWER(INDEX($E26:$AL26,AZ$5)/INDEX($E26:$AL26,AZ$4),1/AZ$6)-1,) -> 0.0029397101 | BA26: =IFERROR(POWER(INDEX($E26:$AL26,BA$5)/INDEX($E26:$AL26,BA$4),1/BA$6)-1,) -> -0.06827952 | BB26: =IFERROR(POWER(INDEX($E26:$AL26,BB$5)/INDEX($E26:$AL26,BB$4),1/BB$6)-1,) -> 0
A27: =ADDRESS(MATCH($D10,'2021'!$A$1:$A$72,0),MATCH($D27,'2021'!$A$1:$AQ$1,0)) -> $R$8 | B27: =B26+1 -> 20 | D27: Jet Kerosene | E27: =INDIRECT("'"&E$8&"'!"&$A27)*VLOOKUP($D27,Tables!$G$10:$K$33,4,0) -> 1060.9498 | F27: =INDIRECT("'"&F$8&"'!"&$A27)*VLOOKUP($D27,Tables!$G$10:$K$33,4,0) -> 1127.0624 | G27: =INDIRECT("'"&G$8&"'!"&$A27)*VLOOKUP($D27,Tables!$G$10:$K$33,4,0) -> 957.05855 | H27: =INDIRECT("'"&H$8&"'!"&$A27)*VLOOKUP($D27,Tables!$G$10:$K$33,4,0) -> 1356.8823 | I27: =INDIRECT("'"&I$8&"'!"&$A27)*VLOOKUP($D27,Tables!$G$10:$K$33,4,0) -> 1152.2481 | J27: =INDIRECT("'"&J$8&"'!"&$A27)*VLOOKUP($D27,Tables!$G$10:$K$33,4,0) -> 1060.9498 | K27: =INDIRECT("'"&K$8&"'!"&$A27)*VLOOKUP($D27,Tables!$G$10:$K$33,4,0) -> 1167.9892 | L27: =INDIRECT("'"&L$8&"'!"&$A27)*VLOOKUP($D27,Tables!$G$10:$K$33,4,0) -> 1262.4358 | ... AM27: =INDIRECT("'"&AM$8&"'!"&$A27)*VLOOKUP($D27,Tables!$G$10:$K$33,4,0) -> 4341.388 | AQ27: =HLOOKUP(AQ$8,$E$8:$AL$230,$B27,0)/HLOOKUP(AQ$8,$E$8:$AL$230,$B11,0) -> 0.033722254 | AR27: =HLOOKUP(AR$8,$E$8:$AL$230,$B27,0)/HLOOKUP(AR$8,$E$8:$AL$230,$B11,0) -> 0.050354352 | AS27: =HLOOKUP(AS$8,$E$8:$AL$230,$B27,0)/HLOOKUP(AS$8,$E$8:$AL$230,$B11,0) -> 0.077257992 | AT27: =HLOOKUP(AT$8,$E$8:$AL$230,$B27,0)/HLOOKUP(AT$8,$E$8:$AL$230,$B11,0) -> 0.064403183 | AU27: =HLOOKUP(AU$8,$E$8:$AL$230,$B27,0)/HLOOKUP(AU$8,$E$8:$AL$230,$B11,0) -> 0.10364099 | AW27: =IFERROR(POWER(INDEX($E27:$AL27,AW$5)/INDEX($E27:$AL27,AW$4),1/AW$6)-1,) -> 0.024408727 | AX27: =IFERROR(POWER(INDEX($E27:$AL27,AX$5)/INDEX($E27:$AL27,AX$4),1/AX$6)-1,) -> 0.071455003 | AY27: =IFERROR(POWER(INDEX($E27:$AL27,AY$5)/INDEX($E27:$AL27,AY$4),1/AY$6)-1,) -> 0.074903355 | AZ27: =IFERROR(POWER(INDEX($E27:$AL27,AZ$5)/INDEX($E27:$AL27,AZ$4),1/AZ$6)-1,) -> -0.11751594 | BA27: =IFERROR(POWER(INDEX($E27:$AL27,BA$5)/INDEX($E27:$AL27,BA$4),1/BA$6)-1,) -> 0.011835718 | BB27: =IFERROR(POWER(INDEX($E27:$AL27,BB$5)/INDEX($E27:$AL27,BB$4),1/BB$6)-1,) -> 0
A28: =ADDRESS(MATCH($D10,'2021'!$A$1:$A$72,0),MATCH($D28,'2021'!$A$1:$AQ$1,0)) -> $S$8 | B28: =B27+1 -> 21 | D28: Fueloil | E28: =INDIRECT("'"&E$8&"'!"&$A28)*VLOOKUP($D28,Tables!$G$10:$K$33,4,0) -> 1018.5241 | F28: =INDIRECT("'"&F$8&"'!"&$A28)*VLOOKUP($D28,Tables!$G$10:$K$33,4,0) -> 1579.4958 | G28: =INDIRECT("'"&G$8&"'!"&$A28)*VLOOKUP($D28,Tables!$G$10:$K$33,4,0) -> 1651.576 | H28: =INDIRECT("'"&H$8&"'!"&$A28)*VLOOKUP($D28,Tables!$G$10:$K$33,4,0) -> 1585.7637 | I28: =INDIRECT("'"&I$8&"'!"&$A28)*VLOOKUP($D28,Tables!$G$10:$K$33,4,0) -> 1645.3081 | J28: =INDIRECT("'"&J$8&"'!"&$A28)*VLOOKUP($D28,Tables!$G$10:$K$33,4,0) -> 1733.0579 | K28: =INDIRECT("'"&K$8&"'!"&$A28)*VLOOKUP($D28,Tables!$G$10:$K$33,4,0) -> 1476.0765 | L28: =INDIRECT("'"&L$8&"'!"&$A28)*VLOOKUP($D28,Tables!$G$10:$K$33,4,0) -> 1407.1302 | ... AM28: =INDIRECT("'"&AM$8&"'!"&$A28)*VLOOKUP($D28,Tables!$G$10:$K$33,4,0) -> -1270.784 | AQ28: =HLOOKUP(AQ$8,$E$8:$AL$230,$B28,0)/HLOOKUP(AQ$8,$E$8:$AL$230,$B11,0) -> 0.032373755 | AR28: =HLOOKUP(AR$8,$E$8:$AL$230,$B28,0)/HLOOKUP(AR$8,$E$8:$AL$230,$B11,0) -> 0.036475362 | AS28: =HLOOKUP(AS$8,$E$8:$AL$230,$B28,0)/HLOOKUP(AS$8,$E$8:$AL$230,$B11,0) -> -0.040477624 | AT28: =HLOOKUP(AT$8,$E$8:$AL$230,$B28,0)/HLOOKUP(AT$8,$E$8:$AL$230,$B11,0) -> -0.055161862 | AU28: =HLOOKUP(AU$8,$E$8:$AL$230,$B28,0)/HLOOKUP(AU$8,$E$8:$AL$230,$B11,0) -> -0.053958803 | AW28: =IFERROR(POWER(INDEX($E28:$AL28,AW$5)/INDEX($E28:$AL28,AW$4),1/AW$6)-1,) -> -2.0206458 | AX28: =IFERROR(POWER(INDEX($E28:$AL28,AX$5)/INDEX($E28:$AL28,AX$4),1/AX$6)-1,) -> 0.041699726 | AY28: =IFERROR(POWER(INDEX($E28:$AL28,AY$5)/INDEX($E28:$AL28,AY$4),1/AY$6)-1,) -> 0 | AZ28: =IFERROR(POWER(INDEX($E28:$AL28,AZ$5)/INDEX($E28:$AL28,AZ$4),1/AZ$6)-1,) -> 0.18692472 | BA28: =IFERROR(POWER(INDEX($E28:$AL28,BA$5)/INDEX($E28:$AL28,BA$4),1/BA$6)-1,) -> -0.074845936 | BB28: =IFERROR(POWER(INDEX($E28:$AL28,BB$5)/INDEX($E28:$AL28,BB$4),1/BB$6)-1,) -> 0
A29: =ADDRESS(MATCH($D10,'2021'!$A$1:$A$72,0),MATCH($D29,'2021'!$A$1:$AQ$1,0)) -> $T$8 | B29: =B28+1 -> 22 | D29: LPG | E29: =INDIRECT("'"&E$8&"'!"&$A29)*VLOOKUP($D29,Tables!$G$10:$K$33,4,0) -> 300.35707 | F29: =INDIRECT("'"&F$8&"'!"&$A29)*VLOOKUP($D29,Tables!$G$10:$K$33,4,0) -> 339.40348 | G29: =INDIRECT("'"&G$8&"'!"&$A29)*VLOOKUP($D29,Tables!$G$10:$K$33,4,0) -> 288.34278 | H29: =INDIRECT("'"&H$8&"'!"&$A29)*VLOOKUP($D29,Tables!$G$10:$K$33,4,0) -> 333.39634 | I29: =INDIRECT("'"&I$8&"'!"&$A29)*VLOOKUP($D29,Tables!$G$10:$K$33,4,0) -> 306.36421 | J29: =INDIRECT("'"&J$8&"'!"&$A29)*VLOOKUP($D29,Tables!$G$10:$K$33,4,0) -> 300.35707 | K29: =INDIRECT("'"&K$8&"'!"&$A29)*VLOOKUP($D29,Tables!$G$10:$K$33,4,0) -> 285.33921 | L29: =INDIRECT("'"&L$8&"'!"&$A29)*VLOOKUP($D29,Tables!$G$10:$K$33,4,0) -> 276.3285 | ... AM29: =INDIRECT("'"&AM$8&"'!"&$A29)*VLOOKUP($D29,Tables!$G$10:$K$33,4,0) -> 488.70055 | AQ29: =HLOOKUP(AQ$8,$E$8:$AL$230,$B29,0)/HLOOKUP(AQ$8,$E$8:$AL$230,$B11,0) -> 0.0095468396 | AR29: =HLOOKUP(AR$8,$E$8:$AL$230,$B29,0)/HLOOKUP(AR$8,$E$8:$AL$230,$B11,0) -> 0.0075778592 | AS29: =HLOOKUP(AS$8,$E$8:$AL$230,$B29,0)/HLOOKUP(AS$8,$E$8:$AL$230,$B11,0) -> 0.0059658348 | AT29: =HLOOKUP(AT$8,$E$8:$AL$230,$B29,0)/HLOOKUP(AT$8,$E$8:$AL$230,$B11,0) -> 0.010350015 | AU29: =HLOOKUP(AU$8,$E$8:$AL$230,$B29,0)/HLOOKUP(AU$8,$E$8:$AL$230,$B11,0) -> 0.011426106 | AW29: =IFERROR(POWER(INDEX($E29:$AL29,AW$5)/INDEX($E29:$AL29,AW$4),1/AW$6)-1,) -> 0.0058673431 | AX29: =IFERROR(POWER(INDEX($E29:$AL29,AX$5)/INDEX($E29:$AL29,AX$4),1/AX$6)-1,) -> 0.0058439002 | AY29: =IFERROR(POWER(INDEX($E29:$AL29,AY$5)/INDEX($E29:$AL29,AY$4),1/AY$6)-1,) -> 0.01094586 | AZ29: =IFERROR(POWER(INDEX($E29:$AL29,AZ$5)/INDEX($E29:$AL29,AZ$4),1/AZ$6)-1,) -> -0.1549586 | BA29: =IFERROR(POWER(INDEX($E29:$AL29,BA$5)/INDEX($E29:$AL29,BA$4),1/BA$6)-1,) -> 0.057387021 | BB29: =IFERROR(POWER(INDEX($E29:$AL29,BB$5)/INDEX($E29:$AL29,BB$4),1/BB$6)-1,) -> 0
A30: =ADDRESS(MATCH($D10,'2021'!$A$1:$A$72,0),MATCH($D30,'2021'!$A$1:$AQ$1,0)) -> $U$8 | B30: =B29+1 -> 23 | D30: Gasoil / Diesel /DERV | E30: =INDIRECT("'"&E$8&"'!"&$A30)*VLOOKUP($D30,Tables!$G$10:$K$33,4,0) -> 3365.2202 | F30: =INDIRECT("'"&F$8&"'!"&$A30)*VLOOKUP($D30,Tables!$G$10:$K$33,4,0) -> 3444.5886 | G30: =INDIRECT("'"&G$8&"'!"&$A30)*VLOOKUP($D30,Tables!$G$10:$K$33,4,0) -> 3514.4328 | H30: =INDIRECT("'"&H$8&"'!"&$A30)*VLOOKUP($D30,Tables!$G$10:$K$33,4,0) -> 3527.1317 | I30: =INDIRECT("'"&I$8&"'!"&$A30)*VLOOKUP($D30,Tables!$G$10:$K$33,4,0) -> 3901.7505 | J30: =INDIRECT("'"&J$8&"'!"&$A30)*VLOOKUP($D30,Tables!$G$10:$K$33,4,0) -> 3904.9253 | K30: =INDIRECT("'"&K$8&"'!"&$A30)*VLOOKUP($D30,Tables!$G$10:$K$33,4,0) -> 4781.1524 | L30: =INDIRECT("'"&L$8&"'!"&$A30)*VLOOKUP($D30,Tables!$G$10:$K$33,4,0) -> 4114.4579 | ... AM30: =INDIRECT("'"&AM$8&"'!"&$A30)*VLOOKUP($D30,Tables!$G$10:$K$33,4,0) -> 9653.6288 | AQ30: =HLOOKUP(AQ$8,$E$8:$AL$230,$B30,0)/HLOOKUP(AQ$8,$E$8:$AL$230,$B11,0) -> 0.10696341 | AR30: =HLOOKUP(AR$8,$E$8:$AL$230,$B30,0)/HLOOKUP(AR$8,$E$8:$AL$230,$B11,0) -> 0.1306488 | AS30: =HLOOKUP(AS$8,$E$8:$AL$230,$B30,0)/HLOOKUP(AS$8,$E$8:$AL$230,$B11,0) -> 0.15050259 | AT30: =HLOOKUP(AT$8,$E$8:$AL$230,$B30,0)/HLOOKUP(AT$8,$E$8:$AL$230,$B11,0) -> 0.22001352 | AU30: =HLOOKUP(AU$8,$E$8:$AL$230,$B30,0)/HLOOKUP(AU$8,$E$8:$AL$230,$B11,0) -> 0.22743933 | AW30: =IFERROR(POWER(INDEX($E30:$AL30,AW$5)/INDEX($E30:$AL30,AW$4),1/AW$6)-1,) -> 0.026863539 | AX30: =IFERROR(POWER(INDEX($E30:$AL30,AX$5)/INDEX($E30:$AL30,AX$4),1/AX$6)-1,) -> 0.050144139 | AY30: =IFERROR(POWER(INDEX($E30:$AL30,AY$5)/INDEX($E30:$AL30,AY$4),1/AY$6)-1,) -> 0.054599148 | AZ30: =IFERROR(POWER(INDEX($E30:$AL30,AZ$5)/INDEX($E30:$AL30,AZ$4),1/AZ$6)-1,) -> -0.10168605 | BA30: =IFERROR(POWER(INDEX($E30:$AL30,BA$5)/INDEX($E30:$AL30,BA$4),1/BA$6)-1,) -> 0.036609419 | BB30: =IFERROR(POWER(INDEX($E30:$AL30,BB$5)/INDEX($E30:$AL30,BB$4),1/BB$6)-1,) -> 0
A31: =ADDRESS(MATCH($D10,'2021'!$A$1:$A$72,0),MATCH($D31,'2021'!$A$1:$AQ$1,0)) -> $V$8 | B31: =B30+1 -> 24 | D31: Petroleum Coke | E31: =INDIRECT("'"&E$8&"'!"&$A31)*VLOOKUP($D31,Tables!$G$10:$K$33,4,0) -> 270.67697 | F31: =INDIRECT("'"&F$8&"'!"&$A31)*VLOOKUP($D31,Tables!$G$10:$K$33,4,0) -> 389.28823 | G31: =INDIRECT("'"&G$8&"'!"&$A31)*VLOOKUP($D31,Tables!$G$10:$K$33,4,0) -> 285.88355 | H31: =INDIRECT("'"&H$8&"'!"&$A31)*VLOOKUP($D31,Tables!$G$10:$K$33,4,0) -> 258.51172 | I31: =INDIRECT("'"&I$8&"'!"&$A31)*VLOOKUP($D31,Tables!$G$10:$K$33,4,0) -> 383.2056 | J31: =INDIRECT("'"&J$8&"'!"&$A31)*VLOOKUP($D31,Tables!$G$10:$K$33,4,0) -> 431.86663 | K31: =INDIRECT("'"&K$8&"'!"&$A31)*VLOOKUP($D31,Tables!$G$10:$K$33,4,0) -> 279.80092 | L31: =INDIRECT("'"&L$8&"'!"&$A31)*VLOOKUP($D31,Tables!$G$10:$K$33,4,0) -> 602.18023 | ... AM31: =INDIRECT("'"&AM$8&"'!"&$A31)*VLOOKUP($D31,Tables!$G$10:$K$33,4,0) -> 377.28091 | AQ31: =HLOOKUP(AQ$8,$E$8:$AL$230,$B31,0)/HLOOKUP(AQ$8,$E$8:$AL$230,$B11,0) -> 0.0086034588 | AR31: =HLOOKUP(AR$8,$E$8:$AL$230,$B31,0)/HLOOKUP(AR$8,$E$8:$AL$230,$B11,0) -> 0.020920014 | AS31: =HLOOKUP(AS$8,$E$8:$AL$230,$B31,0)/HLOOKUP(AS$8,$E$8:$AL$230,$B11,0) -> 0.010552251 | AT31: =HLOOKUP(AT$8,$E$8:$AL$230,$B31,0)/HLOOKUP(AT$8,$E$8:$AL$230,$B11,0) -> 0.019669004 | AU31: =HLOOKUP(AU$8,$E$8:$AL$230,$B31,0)/HLOOKUP(AU$8,$E$8:$AL$230,$B11,0) -> 0.016780172 | AW31: =IFERROR(POWER(INDEX($E31:$AL31,AW$5)/INDEX($E31:$AL31,AW$4),1/AW$6)-1,) -> 0.03037004 | AX31: =IFERROR(POWER(INDEX($E31:$AL31,AX$5)/INDEX($E31:$AL31,AX$4),1/AX$6)-1,) -> 0.1249955 | AY31: =IFERROR(POWER(INDEX($E31:$AL31,AY$5)/INDEX($E31:$AL31,AY$4),1/AY$6)-1,) -> 0.018749299 | AZ31: =IFERROR(POWER(INDEX($E31:$AL31,AZ$5)/INDEX($E31:$AL31,AZ$4),1/AZ$6)-1,) -> -0.18579768 | BA31: =IFERROR(POWER(INDEX($E31:$AL31,BA$5)/INDEX($E31:$AL31,BA$4),1/BA$6)-1,) -> 0.003367438 | BB31: =IFERROR(POWER(INDEX($E31:$AL31,BB$5)/INDEX($E31:$AL31,BB$4),1/BB$6)-1,) -> 0
A32: =ADDRESS(MATCH($D10,'2021'!$A$1:$A$72,0),MATCH($D32,'2021'!$A$1:$AQ$1,0)) -> $W$8 | B32: =B31+1 -> 25 | D32: Naphta | E32: =INDIRECT("'"&E$8&"'!"&$A32)*VLOOKUP($D32,Tables!$G$10:$K$33,4,0) -> -222.65654 | F32: =INDIRECT("'"&F$8&"'!"&$A32)*VLOOKUP($D32,Tables!$G$10:$K$33,4,0) -> -158.11841 | G32: =INDIRECT("'"&G$8&"'!"&$A32)*VLOOKUP($D32,Tables!$G$10:$K$33,4,0) -> -132.30316 | H32: =INDIRECT("'"&H$8&"'!"&$A32)*VLOOKUP($D32,Tables!$G$10:$K$33,4,0) -> -93.580283 | I32: =INDIRECT("'"&I$8&"'!"&$A32)*VLOOKUP($D32,Tables!$G$10:$K$33,4,0) -> -167.79913 | J32: =INDIRECT("'"&J$8&"'!"&$A32)*VLOOKUP($D32,Tables!$G$10:$K$33,4,0) -> -206.522 | K32: =INDIRECT("'"&K$8&"'!"&$A32)*VLOOKUP($D32,Tables!$G$10:$K$33,4,0) -> -187.16057 | L32: =INDIRECT("'"&L$8&"'!"&$A32)*VLOOKUP($D32,Tables!$G$10:$K$33,4,0) -> -287.19466 | ... AM32: =INDIRECT("'"&AM$8&"'!"&$A32)*VLOOKUP($D32,Tables!$G$10:$K$33,4,0) -> -381.05372 | AQ32: =HLOOKUP(AQ$8,$E$8:$AL$230,$B32,0)/HLOOKUP(AQ$8,$E$8:$AL$230,$B11,0) -> -0.0070771308 | AR32: =HLOOKUP(AR$8,$E$8:$AL$230,$B32,0)/HLOOKUP(AR$8,$E$8:$AL$230,$B11,0) -> -0.007987714 | AS32: =HLOOKUP(AS$8,$E$8:$AL$230,$B32,0)/HLOOKUP(AS$8,$E$8:$AL$230,$B11,0) -> -0.0019533184 | AT32: =HLOOKUP(AT$8,$E$8:$AL$230,$B32,0)/HLOOKUP(AT$8,$E$8:$AL$230,$B11,0) -> -0.0082359838 | AU32: =HLOOKUP(AU$8,$E$8:$AL$230,$B32,0)/HLOOKUP(AU$8,$E$8:$AL$230,$B11,0) -> -0.009951499 | AW32: =IFERROR(POWER(INDEX($E32:$AL32,AW$5)/INDEX($E32:$AL32,AW$4),1/AW$6)-1,) -> 0.0081694014 | AX32: =IFERROR(POWER(INDEX($E32:$AL32,AX$5)/INDEX($E32:$AL32,AX$4),1/AX$6)-1,) -> 0.041881736 | AY32: =IFERROR(POWER(INDEX($E32:$AL32,AY$5)/INDEX($E32:$AL32,AY$4),1/AY$6)-1,) -> -0.1656527 | AZ32: =IFERROR(POWER(INDEX($E32:$AL32,AZ$5)/INDEX($E32:$AL32,AZ$4),1/AZ$6)-1,) -> -0.13399587 | BA32: =IFERROR(POWER(INDEX($E32:$AL32,BA$5)/INDEX($E32:$AL32,BA$4),1/BA$6)-1,) -> 0.22280984 | BB32: =IFERROR(POWER(INDEX($E32:$AL32,BB$5)/INDEX($E32:$AL32,BB$4),1/BB$6)-1,) -> 0
A33: =ADDRESS(MATCH($D10,'2021'!$A$1:$A$72,0),MATCH($D33,'2021'!$A$1:$AQ$1,0)) -> $X$8 | B33: =B32+1 -> 26 | D33: Bitumen | E33: =INDIRECT("'"&E$8&"'!"&$A33)*VLOOKUP($D33,Tables!$G$10:$K$33,4,0) -> 0 | F33: =INDIRECT("'"&F$8&"'!"&$A33)*VLOOKUP($D33,Tables!$G$10:$K$33,4,0) -> 0 | G33: =INDIRECT("'"&G$8&"'!"&$A33)*VLOOKUP($D33,Tables!$G$10:$K$33,4,0) -> 0 | H33: =INDIRECT("'"&H$8&"'!"&$A33)*VLOOKUP($D33,Tables!$G$10:$K$33,4,0) -> 0 | I33: =INDIRECT("'"&I$8&"'!"&$A33)*VLOOKUP($D33,Tables!$G$10:$K$33,4,0) -> 0 | J33: =INDIRECT("'"&J$8&"'!"&$A33)*VLOOKUP($D33,Tables!$G$10:$K$33,4,0) -> 0 | K33: =INDIRECT("'"&K$8&"'!"&$A33)*VLOOKUP($D33,Tables!$G$10:$K$33,4,0) -> 0 | L33: =INDIRECT("'"&L$8&"'!"&$A33)*VLOOKUP($D33,Tables!$G$10:$K$33,4,0) -> 0 | ... AM33: =INDIRECT("'"&AM$8&"'!"&$A33)*VLOOKUP($D33,Tables!$G$10:$K$33,4,0) -> 0 | AQ33: =HLOOKUP(AQ$8,$E$8:$AL$230,$B33,0)/HLOOKUP(AQ$8,$E$8:$AL$230,$B11,0) -> 0 | AR33: =HLOOKUP(AR$8,$E$8:$AL$230,$B33,0)/HLOOKUP(AR$8,$E$8:$AL$230,$B11,0) -> 0 | AS33: =HLOOKUP(AS$8,$E$8:$AL$230,$B33,0)/HLOOKUP(AS$8,$E$8:$AL$230,$B11,0) -> 0 | AT33: =HLOOKUP(AT$8,$E$8:$AL$230,$B33,0)/HLOOKUP(AT$8,$E$8:$AL$230,$B11,0) -> 0 | AU33: =HLOOKUP(AU$8,$E$8:$AL$230,$B33,0)/HLOOKUP(AU$8,$E$8:$AL$230,$B11,0) -> 0 | AW33: =IFERROR(POWER(INDEX($E33:$AL33,AW$5)/INDEX($E33:$AL33,AW$4),1/AW$6)-1,) -> 0 | AX33: =IFERROR(POWER(INDEX($E33:$AL33,AX$5)/INDEX($E33:$AL33,AX$4),1/AX$6)-1,) -> 0 | AY33: =IFERROR(POWER(INDEX($E33:$AL33,AY$5)/INDEX($E33:$AL33,AY$4),1/AY$6)-1,) -> 0 | AZ33: =IFERROR(POWER(INDEX($E33:$AL33,AZ$5)/INDEX($E33:$AL33,AZ$4),1/AZ$6)-1,) -> 0 | BA33: =IFERROR(POWER(INDEX($E33:$AL33,BA$5)/INDEX($E33:$AL33,BA$4),1/BA$6)-1,) -> 0 | BB33: =IFERROR(POWER(INDEX($E33:$AL33,BB$5)/INDEX($E33:$AL33,BB$4),1/BB$6)-1,) -> 0
A34: =ADDRESS(MATCH($D10,'2021'!$A$1:$A$72,0),MATCH($D34,'2021'!$A$1:$AQ$1,0)) -> $Y$8 | B34: =B33+1 -> 27 | D34: White Spirit | E34: =INDIRECT("'"&E$8&"'!"&$A34)*VLOOKUP($D34,Tables!$G$10:$K$33,4,0) -> 0 | F34: =INDIRECT("'"&F$8&"'!"&$A34)*VLOOKUP($D34,Tables!$G$10:$K$33,4,0) -> 0 | G34: =INDIRECT("'"&G$8&"'!"&$A34)*VLOOKUP($D34,Tables!$G$10:$K$33,4,0) -> 0 | H34: =INDIRECT("'"&H$8&"'!"&$A34)*VLOOKUP($D34,Tables!$G$10:$K$33,4,0) -> 0 | I34: =INDIRECT("'"&I$8&"'!"&$A34)*VLOOKUP($D34,Tables!$G$10:$K$33,4,0) -> 0 | J34: =INDIRECT("'"&J$8&"'!"&$A34)*VLOOKUP($D34,Tables!$G$10:$K$33,4,0) -> 0 | K34: =INDIRECT("'"&K$8&"'!"&$A34)*VLOOKUP($D34,Tables!$G$10:$K$33,4,0) -> 0 | L34: =INDIRECT("'"&L$8&"'!"&$A34)*VLOOKUP($D34,Tables!$G$10:$K$33,4,0) -> 0 | ... AM34: =INDIRECT("'"&AM$8&"'!"&$A34)*VLOOKUP($D34,Tables!$G$10:$K$33,4,0) -> 0 | AQ34: =HLOOKUP(AQ$8,$E$8:$AL$230,$B34,0)/HLOOKUP(AQ$8,$E$8:$AL$230,$B11,0) -> 0 | AR34: =HLOOKUP(AR$8,$E$8:$AL$230,$B34,0)/HLOOKUP(AR$8,$E$8:$AL$230,$B11,0) -> 0 | AS34: =HLOOKUP(AS$8,$E$8:$AL$230,$B34,0)/HLOOKUP(AS$8,$E$8:$AL$230,$B11,0) -> 0 | AT34: =HLOOKUP(AT$8,$E$8:$AL$230,$B34,0)/HLOOKUP(AT$8,$E$8:$AL$230,$B11,0) -> 0 | AU34: =HLOOKUP(AU$8,$E$8:$AL$230,$B34,0)/HLOOKUP(AU$8,$E$8:$AL$230,$B11,0) -> 0 | AW34: =IFERROR(POWER(INDEX($E34:$AL34,AW$5)/INDEX($E34:$AL34,AW$4),1/AW$6)-1,) -> 0 | AX34: =IFERROR(POWER(INDEX($E34:$AL34,AX$5)/INDEX($E34:$AL34,AX$4),1/AX$6)-1,) -> 0 | AY34: =IFERROR(POWER(INDEX($E34:$AL34,AY$5)/INDEX($E34:$AL34,AY$4),1/AY$6)-1,) -> 0 | AZ34: =IFERROR(POWER(INDEX($E34:$AL34,AZ$5)/INDEX($E34:$AL34,AZ$4),1/AZ$6)-1,) -> 0 | BA34: =IFERROR(POWER(INDEX($E34:$AL34,BA$5)/INDEX($E34:$AL34,BA$4),1/BA$6)-1,) -> 0 | BB34: =IFERROR(POWER(INDEX($E34:$AL34,BB$5)/INDEX($E34:$AL34,BB$4),1/BB$6)-1,) -> 0
A35: =ADDRESS(MATCH($D10,'2021'!$A$1:$A$72,0),MATCH($D35,'2021'!$A$1:$AQ$1,0)) -> $Z$8 | B35: =B34+1 -> 28 | D35: Lubricants | E35: =INDIRECT("'"&E$8&"'!"&$A35)*VLOOKUP($D35,Tables!$G$10:$K$33,4,0) -> 0 | F35: =INDIRECT("'"&F$8&"'!"&$A35)*VLOOKUP($D35,Tables!$G$10:$K$33,4,0) -> 0 | G35: =INDIRECT("'"&G$8&"'!"&$A35)*VLOOKUP($D35,Tables!$G$10:$K$33,4,0) -> 0 | H35: =INDIRECT("'"&H$8&"'!"&$A35)*VLOOKUP($D35,Tables!$G$10:$K$33,4,0) -> 0 | I35: =INDIRECT("'"&I$8&"'!"&$A35)*VLOOKUP($D35,Tables!$G$10:$K$33,4,0) -> 0 | J35: =INDIRECT("'"&J$8&"'!"&$A35)*VLOOKUP($D35,Tables!$G$10:$K$33,4,0) -> 0 | K35: =INDIRECT("'"&K$8&"'!"&$A35)*VLOOKUP($D35,Tables!$G$10:$K$33,4,0) -> 0 | L35: =INDIRECT("'"&L$8&"'!"&$A35)*VLOOKUP($D35,Tables!$G$10:$K$33,4,0) -> 0 | ... AM35: =INDIRECT("'"&AM$8&"'!"&$A35)*VLOOKUP($D35,Tables!$G$10:$K$33,4,0) -> 0 | AQ35: =HLOOKUP(AQ$8,$E$8:$AL$230,$B35,0)/HLOOKUP(AQ$8,$E$8:$AL$230,$B11,0) -> 0 | AR35: =HLOOKUP(AR$8,$E$8:$AL$230,$B35,0)/HLOOKUP(AR$8,$E$8:$AL$230,$B11,0) -> 0 | AS35: =HLOOKUP(AS$8,$E$8:$AL$230,$B35,0)/HLOOKUP(AS$8,$E$8:$AL$230,$B11,0) -> 0 | AT35: =HLOOKUP(AT$8,$E$8:$AL$230,$B35,0)/HLOOKUP(AT$8,$E$8:$AL$230,$B11,0) -> 0 | AU35: =HLOOKUP(AU$8,$E$8:$AL$230,$B35,0)/HLOOKUP(AU$8,$E$8:$AL$230,$B11,0) -> 0 | AW35: =IFERROR(POWER(INDEX($E35:$AL35,AW$5)/INDEX($E35:$AL35,AW$4),1/AW$6)-1,) -> 0 | AX35: =IFERROR(POWER(INDEX($E35:$AL35,AX$5)/INDEX($E35:$AL35,AX$4),1/AX$6)-1,) -> 0 | AY35: =IFERROR(POWER(INDEX($E35:$AL35,AY$5)/INDEX($E35:$AL35,AY$4),1/AY$6)-1,) -> 0 | AZ35: =IFERROR(POWER(INDEX($E35:$AL35,AZ$5)/INDEX($E35:$AL35,AZ$4),1/AZ$6)-1,) -> 0 | BA35: =IFERROR(POWER(INDEX($E35:$AL35,BA$5)/INDEX($E35:$AL35,BA$4),1/BA$6)-1,) -> 0 | BB35: =IFERROR(POWER(INDEX($E35:$AL35,BB$5)/INDEX($E35:$AL35,BB$4),1/BB$6)-1,) -> 0
A36: =ADDRESS(MATCH($D10,'2021'!$A$1:$A$72,0),MATCH($D36,'2021'!$A$1:$AQ$1,0)) -> $AA$8 | B36: =B35+1 -> 29 | D36: Natural Gas | E36: =INDIRECT("'"&E$8&"'!"&$A36)*VLOOKUP($D36,Tables!$G$11:$K$33,4,0) -> 3412.7405 | F36: =INDIRECT("'"&F$8&"'!"&$A36)*VLOOKUP($D36,Tables!$G$11:$K$33,4,0) -> 3481.8678 | G36: =INDIRECT("'"&G$8&"'!"&$A36)*VLOOKUP($D36,Tables!$G$11:$K$33,4,0) -> 3459.6057 | H36: =INDIRECT("'"&H$8&"'!"&$A36)*VLOOKUP($D36,Tables!$G$11:$K$33,4,0) -> 4129.413 | I36: =INDIRECT("'"&I$8&"'!"&$A36)*VLOOKUP($D36,Tables!$G$11:$K$33,4,0) -> 4103.7851 | J36: =INDIRECT("'"&J$8&"'!"&$A36)*VLOOKUP($D36,Tables!$G$11:$K$33,4,0) -> 4520.3724 | K36: =INDIRECT("'"&K$8&"'!"&$A36)*VLOOKUP($D36,Tables!$G$11:$K$33,4,0) -> 5322.0502 | L36: =INDIRECT("'"&L$8&"'!"&$A36)*VLOOKUP($D36,Tables!$G$11:$K$33,4,0) -> 5452.7883 | ... AM36: =INDIRECT("'"&AM$8&"'!"&$A36)*VLOOKUP($D36,Tables!$G$11:$K$33,4,0) -> 10084.892 | AQ36: =HLOOKUP(AQ$8,$E$8:$AL$230,$B36,0)/HLOOKUP(AQ$8,$E$8:$AL$230,$B11,0) -> 0.10847384 | AR36: =HLOOKUP(AR$8,$E$8:$AL$230,$B36,0)/HLOOKUP(AR$8,$E$8:$AL$230,$B11,0) -> 0.17183214 | AS36: =HLOOKUP(AS$8,$E$8:$AL$230,$B36,0)/HLOOKUP(AS$8,$E$8:$AL$230,$B11,0) -> 0.26809934 | AT36: =HLOOKUP(AT$8,$E$8:$AL$230,$B36,0)/HLOOKUP(AT$8,$E$8:$AL$230,$B11,0) -> 0.29722528 | AU36: =HLOOKUP(AU$8,$E$8:$AL$230,$B36,0)/HLOOKUP(AU$8,$E$8:$AL$230,$B11,0) -> 0.29560448 | AW36: =IFERROR(POWER(INDEX($E36:$AL36,AW$5)/INDEX($E36:$AL36,AW$4),1/AW$6)-1,) -> 0.036407066 | AX36: =IFERROR(POWER(INDEX($E36:$AL36,AX$5)/INDEX($E36:$AL36,AX$4),1/AX$6)-1,) -> 0.077804101 | AY36: =IFERROR(POWER(INDEX($E36:$AL36,AY$5)/INDEX($E36:$AL36,AY$4),1/AY$6)-1,) -> 0.050099481 | AZ36: =IFERROR(POWER(INDEX($E36:$AL36,AZ$5)/INDEX($E36:$AL36,AZ$4),1/AZ$6)-1,) -> -0.027813156 | BA36: =IFERROR(POWER(INDEX($E36:$AL36,BA$5)/INDEX($E36:$AL36,BA$4),1/BA$6)-1,) -> 0.02470304 | BB36: =IFERROR(POWER(INDEX($E36:$AL36,BB$5)/INDEX($E36:$AL36,BB$4),1/BB$6)-1,) -> 0
A37: =ADDRESS(MATCH($D10,'2021'!$A$1:$A$72,0),MATCH($D37,'2021'!$A$1:$AQ$1,0)) -> $AB$8 | B37: =B36+1 -> 30 | D37: Renewables | E37: =SUM(E38:E48) -> 0 | F37: =SUM(F38:F48) -> 0 | G37: =SUM(G38:G48) -> 0 | H37: =SUM(H38:H48) -> 0 | I37: =SUM(I38:I48) -> 0 | J37: =SUM(J38:J48) -> 0 | K37: =SUM(K38:K48) -> 0 | L37: =SUM(L38:L48) -> 0 | ... AM37: =SUM(AM38:AM48) -> 0 | AQ37: =HLOOKUP(AQ$8,$E$8:$AL$230,$B37,0)/HLOOKUP(AQ$8,$E$8:$AL$230,$B12,0) -> 0 | AR37: =HLOOKUP(AR$8,$E$8:$AL$230,$B37,0)/HLOOKUP(AR$8,$E$8:$AL$230,$B12,0) -> 0 | AS37: =HLOOKUP(AS$8,$E$8:$AL$230,$B37,0)/HLOOKUP(AS$8,$E$8:$AL$230,$B12,0) -> 0 | AT37: =HLOOKUP(AT$8,$E$8:$AL$230,$B37,0)/HLOOKUP(AT$8,$E$8:$AL$230,$B12,0) -> 0 | AU37: =HLOOKUP(AU$8,$E$8:$AL$230,$B37,0)/HLOOKUP(AU$8,$E$8:$AL$230,$B12,0) -> 0 | AW37: =IFERROR(POWER(INDEX($E37:$AL37,AW$5)/INDEX($E37:$AL37,AW$4),1/AW$6)-1,) -> 0 | AX37: =IFERROR(POWER(INDEX($E37:$AL37,AX$5)/INDEX($E37:$AL37,AX$4),1/AX$6)-1,) -> 0 | AY37: =IFERROR(POWER(INDEX($E37:$AL37,AY$5)/INDEX($E37:$AL37,AY$4),1/AY$6)-1,) -> 0 | AZ37: =IFERROR(POWER(INDEX($E37:$AL37,AZ$5)/INDEX($E37:$AL37,AZ$4),1/AZ$6)-1,) -> 0 | BA37: =IFERROR(POWER(INDEX($E37:$AL37,BA$5)/INDEX($E37:$AL37,BA$4),1/BA$6)-1,) -> 0 | BB37: =IFERROR(POWER(INDEX($E37:$AL37,BB$5)/INDEX($E37:$AL37,BB$4),1/BB$6)-1,) -> 0
A38: =ADDRESS(MATCH($D10,'2021'!$A$1:$A$72,0),MATCH($D38,'2021'!$A$1:$AQ$1,0)) -> $AC$8 | B38: =B37+1 -> 31 | D38: Hydro | E38: 0 | F38: 0 | G38: 0 | H38: 0 | I38: 0 | J38: 0 | K38: 0 | L38: 0 | M38: 0 | N38: 0 | O38: 0 | P38: 0 | Q38: 0 | R38: 0 | S38: 0 | T38: 0 | U38: 0 | V38: 0 | W38: 0 | X38: 0 | Y38: 0 | Z38: 0 | AA38: 0 | AB38: 0 | AC38: 0 | AD38: 0 | AE38: 0 | AF38: 0 | AG38: 0 | AH38: 0 | AI38: 0 | AJ38: 0 | AK38: 0 | AL38: 0 | AM38: 0 | AQ38: =HLOOKUP(AQ$8,$E$8:$AL$230,$B38,0)/HLOOKUP(AQ$8,$E$8:$AL$230,$B11,0) -> 0 | AR38: =HLOOKUP(AR$8,$E$8:$AL$230,$B38,0)/HLOOKUP(AR$8,$E$8:$AL$230,$B11,0) -> 0 | AS38: =HLOOKUP(AS$8,$E$8:$AL$230,$B38,0)/HLOOKUP(AS$8,$E$8:$AL$230,$B11,0) -> 0 | AT38: =HLOOKUP(AT$8,$E$8:$AL$230,$B38,0)/HLOOKUP(AT$8,$E$8:$AL$230,$B11,0) -> 0 | AU38: =HLOOKUP(AU$8,$E$8:$AL$230,$B38,0)/HLOOKUP(AU$8,$E$8:$AL$230,$B11,0) -> 0 | AW38: =IFERROR(POWER(INDEX($E38:$AL38,AW$5)/INDEX($E38:$AL38,AW$4),1/AW$6)-1,) -> 0 | AX38: =IFERROR(POWER(INDEX($E38:$AL38,AX$5)/INDEX($E38:$AL38,AX$4),1/AX$6)-1,) -> 0 | AY38: =IFERROR(POWER(INDEX($E38:$AL38,AY$5)/INDEX($E38:$AL38,AY$4),1/AY$6)-1,) -> 0 | AZ38: =IFERROR(POWER(INDEX($E38:$AL38,AZ$5)/INDEX($E38:$AL38,AZ$4),1/AZ$6)-1,) -> 0 | BA38: =IFERROR(POWER(INDEX($E38:$AL38,BA$5)/INDEX($E38:$AL38,BA$4),1/BA$6)-1,) -> 0 | BB38: =IFERROR(POWER(INDEX($E38:$AL38,BB$5)/INDEX($E38:$AL38,BB$4),1/BB$6)-1,) -> 0
A39: =ADDRESS(MATCH($D10,'2021'!$A$1:$A$72,0),MATCH($D39,'2021'!$A$1:$AQ$1,0)) -> $AD$8 | B39: =B38+1 -> 32 | D39: Wind | E39: 0 | F39: 0 | G39: 0 | H39: 0 | I39: 0 | J39: 0 | K39: 0 | L39: 0 | M39: 0 | N39: 0 | O39: 0 | P39: 0 | Q39: 0 | R39: 0 | S39: 0 | T39: 0 | U39: 0 | V39: 0 | W39: 0 | X39: 0 | Y39: 0 | Z39: 0 | AA39: 0 | AB39: 0 | AC39: 0 | AD39: 0 | AE39: 0 | AF39: 0 | AG39: 0 | AH39: 0 | AI39: 0 | AJ39: 0 | AK39: 0 | AL39: 0 | AM39: 0 | AQ39: =HLOOKUP(AQ$8,$E$8:$AL$230,$B39,0)/HLOOKUP(AQ$8,$E$8:$AL$230,$B11,0) -> 0 | AR39: =HLOOKUP(AR$8,$E$8:$AL$230,$B39,0)/HLOOKUP(AR$8,$E$8:$AL$230,$B11,0) -> 0 | AS39: =HLOOKUP(AS$8,$E$8:$AL$230,$B39,0)/HLOOKUP(AS$8,$E$8:$AL$230,$B11,0) -> 0 | AT39: =HLOOKUP(AT$8,$E$8:$AL$230,$B39,0)/HLOOKUP(AT$8,$E$8:$AL$230,$B11,0) -> 0 | AU39: =HLOOKUP(AU$8,$E$8:$AL$230,$B39,0)/HLOOKUP(AU$8,$E$8:$AL$230,$B11,0) -> 0 | AW39: =IFERROR(POWER(INDEX($E39:$AL39,AW$5)/INDEX($E39:$AL39,AW$4),1/AW$6)-1,) -> 0 | AX39: =IFERROR(POWER(INDEX($E39:$AL39,AX$5)/INDEX($E39:$AL39,AX$4),1/AX$6)-1,) -> 0 | AY39: =IFERROR(POWER(INDEX($E39:$AL39,AY$5)/INDEX($E39:$AL39,AY$4),1/AY$6)-1,) -> 0 | AZ39: =IFERROR(POWER(INDEX($E39:$AL39,AZ$5)/INDEX($E39:$AL39,AZ$4),1/AZ$6)-1,) -> 0 | BA39: =IFERROR(POWER(INDEX($E39:$AL39,BA$5)/INDEX($E39:$AL39,BA$4),1/BA$6)-1,) -> 0 | BB39: =IFERROR(POWER(INDEX($E39:$AL39,BB$5)/INDEX($E39:$AL39,BB$4),1/BB$6)-1,) -> 0
A40: =ADDRESS(MATCH($D10,'2021'!$A$1:$A$72,0),MATCH($D40,'2021'!$A$1:$AQ$1,0)) -> $AE$8 | B40: =B39+1 -> 33 | D40: Biomass | E40: 0 | F40: 0 | G40: 0 | H40: 0 | I40: 0 | J40: 0 | K40: 0 | L40: 0 | M40: 0 | N40: 0 | O40: 0 | P40: 0 | Q40: 0 | R40: 0 | S40: 0 | T40: 0 | U40: 0 | V40: 0 | W40: 0 | X40: 0 | Y40: 0 | Z40: 0 | AA40: 0 | AB40: 0 | AC40: 0 | AD40: 0 | AE40: 0 | AF40: 0 | AG40: 0 | AH40: 0 | AI40: 0 | AJ40: 0 | AK40: 0 | AL40: 0 | AM40: 0 | AQ40: =HLOOKUP(AQ$8,$E$8:$AL$230,$B40,0)/HLOOKUP(AQ$8,$E$8:$AL$230,$B11,0) -> 0 | AR40: =HLOOKUP(AR$8,$E$8:$AL$230,$B40,0)/HLOOKUP(AR$8,$E$8:$AL$230,$B11,0) -> 0 | AS40: =HLOOKUP(AS$8,$E$8:$AL$230,$B40,0)/HLOOKUP(AS$8,$E$8:$AL$230,$B11,0) -> 0 | AT40: =HLOOKUP(AT$8,$E$8:$AL$230,$B40,0)/HLOOKUP(AT$8,$E$8:$AL$230,$B11,0) -> 0 | AU40: =HLOOKUP(AU$8,$E$8:$AL$230,$B40,0)/HLOOKUP(AU$8,$E$8:$AL$230,$B11,0) -> 0 | AW40: =IFERROR(POWER(INDEX($E40:$AL40,AW$5)/INDEX($E40:$AL40,AW$4),1/AW$6)-1,) -> 0 | AX40: =IFERROR(POWER(INDEX($E40:$AL40,AX$5)/INDEX($E40:$AL40,AX$4),1/AX$6)-1,) -> 0 | AY40: =IFERROR(POWER(INDEX($E40:$AL40,AY$5)/INDEX($E40:$AL40,AY$4),1/AY$6)-1,) -> 0 | AZ40: =IFERROR(POWER(INDEX($E40:$AL40,AZ$5)/INDEX($E40:$AL40,AZ$4),1/AZ$6)-1,) -> 0 | BA40: =IFERROR(POWER(INDEX($E40:$AL40,BA$5)/INDEX($E40:$AL40,BA$4),1/BA$6)-1,) -> 0 | BB40: =IFERROR(POWER(INDEX($E40:$AL40,BB$5)/INDEX($E40:$AL40,BB$4),1/BB$6)-1,) -> 0
A41: =ADDRESS(MATCH($D10,'2021'!$A$1:$A$72,0),MATCH($D41,'2021'!$A$1:$AQ$1,0)) -> $AF$8 | B41: =B40+1 -> 34 | D41: Renewable Waste | E41: 0 | F41: 0 | G41: 0 | H41: 0 | I41: 0 | J41: 0 | K41: 0 | L41: 0 | M41: 0 | N41: 0 | O41: 0 | P41: 0 | Q41: 0 | R41: 0 | S41: 0 | T41: 0 | U41: 0 | V41: 0 | W41: 0 | X41: 0 | Y41: 0 | Z41: 0 | AA41: 0 | AB41: 0 | AC41: 0 | AD41: 0 | AE41: 0 | AF41: 0 | AG41: 0 | AH41: 0 | AI41: 0 | AJ41: 0 | AK41: 0 | AL41: 0 | AM41: 0 | AQ41: =HLOOKUP(AQ$8,$E$8:$AL$230,$B41,0)/HLOOKUP(AQ$8,$E$8:$AL$230,$B11,0) -> 0 | AR41: =HLOOKUP(AR$8,$E$8:$AL$230,$B41,0)/HLOOKUP(AR$8,$E$8:$AL$230,$B11,0) -> 0 | AS41: =HLOOKUP(AS$8,$E$8:$AL$230,$B41,0)/HLOOKUP(AS$8,$E$8:$AL$230,$B11,0) -> 0 | AT41: =HLOOKUP(AT$8,$E$8:$AL$230,$B41,0)/HLOOKUP(AT$8,$E$8:$AL$230,$B11,0) -> 0 | AU41: =HLOOKUP(AU$8,$E$8:$AL$230,$B41,0)/HLOOKUP(AU$8,$E$8:$AL$230,$B11,0) -> 0 | AW41: =IFERROR(POWER(INDEX($E41:$AL41,AW$5)/INDEX($E41:$AL41,AW$4),1/AW$6)-1,) -> 0 | AX41: =IFERROR(POWER(INDEX($E41:$AL41,AX$5)/INDEX($E41:$AL41,AX$4),1/AX$6)-1,) -> 0 | AY41: =IFERROR(POWER(INDEX($E41:$AL41,AY$5)/INDEX($E41:$AL41,AY$4),1/AY$6)-1,) -> 0 | AZ41: =IFERROR(POWER(INDEX($E41:$AL41,AZ$5)/INDEX($E41:$AL41,AZ$4),1/AZ$6)-1,) -> 0 | BA41: =IFERROR(POWER(INDEX($E41:$AL41,BA$5)/INDEX($E41:$AL41,BA$4),1/BA$6)-1,) -> 0 | BB41: =IFERROR(POWER(INDEX($E41:$AL41,BB$5)/INDEX($E41:$AL41,BB$4),1/BB$6)-1,) -> 0
A42: =ADDRESS(MATCH($D10,'2021'!$A$1:$A$72,0),MATCH($D42,'2021'!$A$1:$AQ$1,0)) -> $AG$8 | B42: =B41+1 -> 35 | D42: Landfill Gas | E42: 0 | F42: 0 | G42: 0 | H42: 0 | I42: 0 | J42: 0 | K42: 0 | L42: 0 | M42: 0 | N42: 0 | O42: 0 | P42: 0 | Q42: 0 | R42: 0 | S42: 0 | T42: 0 | U42: 0 | V42: 0 | W42: 0 | X42: 0 | Y42: 0 | Z42: 0 | AA42: 0 | AB42: 0 | AC42: 0 | AD42: 0 | AE42: 0 | AF42: 0 | AG42: 0 | AH42: 0 | AI42: 0 | AJ42: 0 | AK42: 0 | AL42: 0 | AM42: 0 | AQ42: =HLOOKUP(AQ$8,$E$8:$AL$230,$B42,0)/HLOOKUP(AQ$8,$E$8:$AL$230,$B11,0) -> 0 | AR42: =HLOOKUP(AR$8,$E$8:$AL$230,$B42,0)/HLOOKUP(AR$8,$E$8:$AL$230,$B11,0) -> 0 | AS42: =HLOOKUP(AS$8,$E$8:$AL$230,$B42,0)/HLOOKUP(AS$8,$E$8:$AL$230,$B11,0) -> 0 | AT42: =HLOOKUP(AT$8,$E$8:$AL$230,$B42,0)/HLOOKUP(AT$8,$E$8:$AL$230,$B11,0) -> 0 | AU42: =HLOOKUP(AU$8,$E$8:$AL$230,$B42,0)/HLOOKUP(AU$8,$E$8:$AL$230,$B11,0) -> 0 | AW42: =IFERROR(POWER(INDEX($E42:$AL42,AW$5)/INDEX($E42:$AL42,AW$4),1/AW$6)-1,) -> 0 | AX42: =IFERROR(POWER(INDEX($E42:$AL42,AX$5)/INDEX($E42:$AL42,AX$4),1/AX$6)-1,) -> 0 | AY42: =IFERROR(POWER(INDEX($E42:$AL42,AY$5)/INDEX($E42:$AL42,AY$4),1/AY$6)-1,) -> 0 | AZ42: =IFERROR(POWER(INDEX($E42:$AL42,AZ$5)/INDEX($E42:$AL42,AZ$4),1/AZ$6)-1,) -> 0 | BA42: =IFERROR(POWER(INDEX($E42:$AL42,BA$5)/INDEX($E42:$AL42,BA$4),1/BA$6)-1,) -> 0 | BB42: =IFERROR(POWER(INDEX($E42:$AL42,BB$5)/INDEX($E42:$AL42,BB$4),1/BB$6)-1,) -> 0
A43: =ADDRESS(MATCH($D10,'2021'!$A$1:$A$72,0),MATCH($D43,'2021'!$A$1:$AQ$1,0)) -> $AH$8 | B43: =B42+1 -> 36 | D43: Biogas | E43: 0 | F43: 0 | G43: 0 | H43: 0 | I43: 0 | J43: 0 | K43: 0 | L43: 0 | M43: 0 | N43: 0 | O43: 0 | P43: 0 | Q43: 0 | R43: 0 | S43: 0 | T43: 0 | U43: 0 | V43: 0 | W43: 0 | X43: 0 | Y43: 0 | Z43: 0 | AA43: 0 | AB43: 0 | AC43: 0 | AD43: 0 | AE43: 0 | AF43: 0 | AG43: 0 | AH43: 0 | AI43: 0 | AJ43: 0 | AK43: 0 | AL43: 0 | AM43: 0 | AQ43: =HLOOKUP(AQ$8,$E$8:$AL$230,$B43,0)/HLOOKUP(AQ$8,$E$8:$AL$230,$B11,0) -> 0 | AR43: =HLOOKUP(AR$8,$E$8:$AL$230,$B43,0)/HLOOKUP(AR$8,$E$8:$AL$230,$B11,0) -> 0 | AS43: =HLOOKUP(AS$8,$E$8:$AL$230,$B43,0)/HLOOKUP(AS$8,$E$8:$AL$230,$B11,0) -> 0 | AT43: =HLOOKUP(AT$8,$E$8:$AL$230,$B43,0)/HLOOKUP(AT$8,$E$8:$AL$230,$B11,0) -> 0 | AU43: =HLOOKUP(AU$8,$E$8:$AL$230,$B43,0)/HLOOKUP(AU$8,$E$8:$AL$230,$B11,0) -> 0 | AW43: =IFERROR(POWER(INDEX($E43:$AL43,AW$5)/INDEX($E43:$AL43,AW$4),1/AW$6)-1,) -> 0 | AX43: =IFERROR(POWER(INDEX($E43:$AL43,AX$5)/INDEX($E43:$AL43,AX$4),1/AX$6)-1,) -> 0 | AY43: =IFERROR(POWER(INDEX($E43:$AL43,AY$5)/INDEX($E43:$AL43,AY$4),1/AY$6)-1,) -> 0 | AZ43: =IFERROR(POWER(INDEX($E43:$AL43,AZ$5)/INDEX($E43:$AL43,AZ$4),1/AZ$6)-1,) -> 0 | BA43: =IFERROR(POWER(INDEX($E43:$AL43,BA$5)/INDEX($E43:$AL43,BA$4),1/BA$6)-1,) -> 0 | BB43: =IFERROR(POWER(INDEX($E43:$AL43,BB$5)/INDEX($E43:$AL43,BB$4),1/BB$6)-1,) -> 0
A44: =ADDRESS(MATCH($D10,'2021'!$A$1:$A$72,0),MATCH($D44,'2021'!$A$1:$AQ$1,0)) -> $AI$8 | B44: =B43+1 -> 37 | D44: Biodiesel | E44: 0 | F44: 0 | G44: 0 | H44: 0 | I44: 0 | J44: 0 | K44: 0 | L44: 0 | M44: 0 | N44: 0 | O44: 0 | P44: 0 | Q44: 0 | R44: 0 | S44: 0 | T44: 0 | U44: 0 | V44: 0 | W44: 0 | X44: 0 | Y44: 0 | Z44: 0 | AA44: 0 | AB44: 0 | AC44: 0 | AD44: 0 | AE44: 0 | AF44: 0 | AG44: 0 | AH44: 0 | AI44: 0 | AJ44: 0 | AK44: 0 | AL44: 0 | AM44: 0 | AQ44: =HLOOKUP(AQ$8,$E$8:$AL$230,$B44,0)/HLOOKUP(AQ$8,$E$8:$AL$230,$B11,0) -> 0 | AR44: =HLOOKUP(AR$8,$E$8:$AL$230,$B44,0)/HLOOKUP(AR$8,$E$8:$AL$230,$B11,0) -> 0 | AS44: =HLOOKUP(AS$8,$E$8:$AL$230,$B44,0)/HLOOKUP(AS$8,$E$8:$AL$230,$B11,0) -> 0 | AT44: =HLOOKUP(AT$8,$E$8:$AL$230,$B44,0)/HLOOKUP(AT$8,$E$8:$AL$230,$B11,0) -> 0 | AU44: =HLOOKUP(AU$8,$E$8:$AL$230,$B44,0)/HLOOKUP(AU$8,$E$8:$AL$230,$B11,0) -> 0 | AW44: =IFERROR(POWER(INDEX($E44:$AL44,AW$5)/INDEX($E44:$AL44,AW$4),1/AW$6)-1,) -> 0 | AX44: =IFERROR(POWER(INDEX($E44:$AL44,AX$5)/INDEX($E44:$AL44,AX$4),1/AX$6)-1,) -> 0 | AY44: =IFERROR(POWER(INDEX($E44:$AL44,AY$5)/INDEX($E44:$AL44,AY$4),1/AY$6)-1,) -> 0 | AZ44: =IFERROR(POWER(INDEX($E44:$AL44,AZ$5)/INDEX($E44:$AL44,AZ$4),1/AZ$6)-1,) -> 0 | BA44: =IFERROR(POWER(INDEX($E44:$AL44,BA$5)/INDEX($E44:$AL44,BA$4),1/BA$6)-1,) -> 0 | BB44: =IFERROR(POWER(INDEX($E44:$AL44,BB$5)/INDEX($E44:$AL44,BB$4),1/BB$6)-1,) -> 0
A45: =ADDRESS(MATCH($D10,'2021'!$A$1:$A$72,0),MATCH($D45,'2021'!$A$1:$AQ$1,0)) -> $AJ$8 | B45: =B44+1 -> 38 | D45: Bioethanol | E45: 0 | F45: 0 | G45: 0 | H45: 0 | I45: 0 | J45: 0 | K45: 0 | L45: 0 | M45: 0 | N45: 0 | O45: 0 | P45: 0 | Q45: 0 | R45: 0 | S45: 0 | T45: 0 | U45: 0 | V45: 0 | W45: 0 | X45: 0 | Y45: 0 | Z45: 0 | AA45: 0 | AB45: 0 | AC45: 0 | AD45: 0 | AE45: 0 | AF45: 0 | AG45: 0 | AH45: 0 | AI45: 0 | AJ45: 0 | AK45: 0 | AL45: 0 | AM45: 0 | AQ45: =HLOOKUP(AQ$8,$E$8:$AL$230,$B45,0)/HLOOKUP(AQ$8,$E$8:$AL$230,$B11,0) -> 0 | AR45: =HLOOKUP(AR$8,$E$8:$AL$230,$B45,0)/HLOOKUP(AR$8,$E$8:$AL$230,$B11,0) -> 0 | AS45: =HLOOKUP(AS$8,$E$8:$AL$230,$B45,0)/HLOOKUP(AS$8,$E$8:$AL$230,$B11,0) -> 0 | AT45: =HLOOKUP(AT$8,$E$8:$AL$230,$B45,0)/HLOOKUP(AT$8,$E$8:$AL$230,$B11,0) -> 0 | AU45: =HLOOKUP(AU$8,$E$8:$AL$230,$B45,0)/HLOOKUP(AU$8,$E$8:$AL$230,$B11,0) -> 0 | AW45: =IFERROR(POWER(INDEX($E45:$AL45,AW$5)/INDEX($E45:$AL45,AW$4),1/AW$6)-1,) -> 0 | AX45: =IFERROR(POWER(INDEX($E45:$AL45,AX$5)/INDEX($E45:$AL45,AX$4),1/AX$6)-1,) -> 0 | AY45: =IFERROR(POWER(INDEX($E45:$AL45,AY$5)/INDEX($E45:$AL45,AY$4),1/AY$6)-1,) -> 0 | AZ45: =IFERROR(POWER(INDEX($E45:$AL45,AZ$5)/INDEX($E45:$AL45,AZ$4),1/AZ$6)-1,) -> 0 | BA45: =IFERROR(POWER(INDEX($E45:$AL45,BA$5)/INDEX($E45:$AL45,BA$4),1/BA$6)-1,) -> 0 | BB45: =IFERROR(POWER(INDEX($E45:$AL45,BB$5)/INDEX($E45:$AL45,BB$4),1/BB$6)-1,) -> 0
A46: =ADDRESS(MATCH($D10,'2021'!$A$1:$A$72,0),MATCH($D46,'2021'!$A$1:$AQ$1,0)) -> $AK$8 | B46: =B45+1 -> 39 | D46: Solar Photovoltaic | E46: 0 | F46: 0 | G46: 0 | H46: 0 | I46: 0 | J46: 0 | K46: 0 | L46: 0 | M46: 0 | N46: 0 | O46: 0 | P46: 0 | Q46: 0 | R46: 0 | S46: 0 | T46: 0 | U46: 0 | V46: 0 | W46: 0 | X46: 0 | Y46: 0 | Z46: 0 | AA46: 0 | AB46: 0 | AC46: 0 | AD46: 0 | AE46: 0 | AF46: 0 | AG46: 0 | AH46: 0 | AI46: 0 | AJ46: 0 | AK46: 0 | AL46: 0 | AM46: 0 | AQ46: =HLOOKUP(AQ$8,$E$8:$AL$230,$B46,0)/HLOOKUP(AQ$8,$E$8:$AL$230,$B11,0) -> 0 | AR46: =HLOOKUP(AR$8,$E$8:$AL$230,$B46,0)/HLOOKUP(AR$8,$E$8:$AL$230,$B11,0) -> 0 | AS46: =HLOOKUP(AS$8,$E$8:$AL$230,$B46,0)/HLOOKUP(AS$8,$E$8:$AL$230,$B11,0) -> 0 | AT46: =HLOOKUP(AT$8,$E$8:$AL$230,$B46,0)/HLOOKUP(AT$8,$E$8:$AL$230,$B11,0) -> 0 | AU46: =HLOOKUP(AU$8,$E$8:$AL$230,$B46,0)/HLOOKUP(AU$8,$E$8:$AL$230,$B11,0) -> 0 | AW46: =IFERROR(POWER(INDEX($E46:$AL46,AW$5)/INDEX($E46:$AL46,AW$4),1/AW$6)-1,) -> 0 | AX46: =IFERROR(POWER(INDEX($E46:$AL46,AX$5)/INDEX($E46:$AL46,AX$4),1/AX$6)-1,) -> 0 | AY46: =IFERROR(POWER(INDEX($E46:$AL46,AY$5)/INDEX($E46:$AL46,AY$4),1/AY$6)-1,) -> 0 | AZ46: =IFERROR(POWER(INDEX($E46:$AL46,AZ$5)/INDEX($E46:$AL46,AZ$4),1/AZ$6)-1,) -> 0 | BA46: =IFERROR(POWER(INDEX($E46:$AL46,BA$5)/INDEX($E46:$AL46,BA$4),1/BA$6)-1,) -> 0 | BB46: =IFERROR(POWER(INDEX($E46:$AL46,BB$5)/INDEX($E46:$AL46,BB$4),1/BB$6)-1,) -> 0
A47: =ADDRESS(MATCH($D10,'2021'!$A$1:$A$72,0),MATCH($D47,'2021'!$A$1:$AQ$1,0)) -> $AL$8 | B47: =B46+1 -> 40 | D47: Solar Thermal | E47: 0 | F47: 0 | G47: 0 | H47: 0 | I47: 0 | J47: 0 | K47: 0 | L47: 0 | M47: 0 | N47: 0 | O47: 0 | P47: 0 | Q47: 0 | R47: 0 | S47: 0 | T47: 0 | U47: 0 | V47: 0 | W47: 0 | X47: 0 | Y47: 0 | Z47: 0 | AA47: 0 | AB47: 0 | AC47: 0 | AD47: 0 | AE47: 0 | AF47: 0 | AG47: 0 | AH47: 0 | AI47: 0 | AJ47: 0 | AK47: 0 | AL47: 0 | AM47: 0 | AQ47: =HLOOKUP(AQ$8,$E$8:$AL$230,$B47,0)/HLOOKUP(AQ$8,$E$8:$AL$230,$B11,0) -> 0 | AR47: =HLOOKUP(AR$8,$E$8:$AL$230,$B47,0)/HLOOKUP(AR$8,$E$8:$AL$230,$B11,0) -> 0 | AS47: =HLOOKUP(AS$8,$E$8:$AL$230,$B47,0)/HLOOKUP(AS$8,$E$8:$AL$230,$B11,0) -> 0 | AT47: =HLOOKUP(AT$8,$E$8:$AL$230,$B47,0)/HLOOKUP(AT$8,$E$8:$AL$230,$B11,0) -> 0 | AU47: =HLOOKUP(AU$8,$E$8:$AL$230,$B47,0)/HLOOKUP(AU$8,$E$8:$AL$230,$B11,0) -> 0 | AW47: =IFERROR(POWER(INDEX($E47:$AL47,AW$5)/INDEX($E47:$AL47,AW$4),1/AW$6)-1,) -> 0 | AX47: =IFERROR(POWER(INDEX($E47:$AL47,AX$5)/INDEX($E47:$AL47,AX$4),1/AX$6)-1,) -> 0 | AY47: =IFERROR(POWER(INDEX($E47:$AL47,AY$5)/INDEX($E47:$AL47,AY$4),1/AY$6)-1,) -> 0 | AZ47: =IFERROR(POWER(INDEX($E47:$AL47,AZ$5)/INDEX($E47:$AL47,AZ$4),1/AZ$6)-1,) -> 0 | BA47: =IFERROR(POWER(INDEX($E47:$AL47,BA$5)/INDEX($E47:$AL47,BA$4),1/BA$6)-1,) -> 0 | BB47: =IFERROR(POWER(INDEX($E47:$AL47,BB$5)/INDEX($E47:$AL47,BB$4),1/BB$6)-1,) -> 0
A48: =ADDRESS(MATCH($D10,'2021'!$A$1:$A$72,0),MATCH($D48,'2021'!$A$1:$AQ$1,0)) -> $AM$8 | B48: =B47+1 -> 41 | D48: Ambient Heat | E48: 0 | F48: 0 | G48: 0 | H48: 0 | I48: 0 | J48: 0 | K48: 0 | L48: 0 | M48: 0 | N48: 0 | O48: 0 | P48: 0 | Q48: 0 | R48: 0 | S48: 0 | T48: 0 | U48: 0 | V48: 0 | W48: 0 | X48: 0 | Y48: 0 | Z48: 0 | AA48: 0 | AB48: 0 | AC48: 0 | AD48: 0 | AE48: 0 | AF48: 0 | AG48: 0 | AH48: 0 | AI48: 0 | AJ48: 0 | AK48: 0 | AL48: 0 | AM48: 0 | AQ48: =HLOOKUP(AQ$8,$E$8:$AL$230,$B48,0)/HLOOKUP(AQ$8,$E$8:$AL$230,$B11,0) -> 0 | AR48: =HLOOKUP(AR$8,$E$8:$AL$230,$B48,0)/HLOOKUP(AR$8,$E$8:$AL$230,$B11,0) -> 0 | AS48: =HLOOKUP(AS$8,$E$8:$AL$230,$B48,0)/HLOOKUP(AS$8,$E$8:$AL$230,$B11,0) -> 0 | AT48: =HLOOKUP(AT$8,$E$8:$AL$230,$B48,0)/HLOOKUP(AT$8,$E$8:$AL$230,$B11,0) -> 0 | AU48: =HLOOKUP(AU$8,$E$8:$AL$230,$B48,0)/HLOOKUP(AU$8,$E$8:$AL$230,$B11,0) -> 0 | AW48: =IFERROR(POWER(INDEX($E48:$AL48,AW$5)/INDEX($E48:$AL48,AW$4),1/AW$6)-1,) -> 0 | AX48: =IFERROR(POWER(INDEX($E48:$AL48,AX$5)/INDEX($E48:$AL48,AX$4),1/AX$6)-1,) -> 0 | AY48: =IFERROR(POWER(INDEX($E48:$AL48,AY$5)/INDEX($E48:$AL48,AY$4),1/AY$6)-1,) -> 0 | AZ48: =IFERROR(POWER(INDEX($E48:$AL48,AZ$5)/INDEX($E48:$AL48,AZ$4),1/AZ$6)-1,) -> 0 | BA48: =IFERROR(POWER(INDEX($E48:$AL48,BA$5)/INDEX($E48:$AL48,BA$4),1/BA$6)-1,) -> 0 | BB48: =IFERROR(POWER(INDEX($E48:$AL48,BB$5)/INDEX($E48:$AL48,BB$4),1/BB$6)-1,) -> 0
A49: =ADDRESS(MATCH($D10,'2021'!$A$1:$A$72,0),MATCH($D49,'2021'!$A$1:$AQ$1,0)) -> $AN$8 | B49: =B48+1 -> 42 | D49: Non-Renewable Waste | E49: =INDIRECT("'"&E$8&"'!"&$A49)*VLOOKUP($D49,Tables!$G$10:$K$33,4,0) -> 0 | F49: =INDIRECT("'"&F$8&"'!"&$A49)*VLOOKUP($D49,Tables!$G$10:$K$33,4,0) -> 0 | G49: =INDIRECT("'"&G$8&"'!"&$A49)*VLOOKUP($D49,Tables!$G$10:$K$33,4,0) -> 0 | H49: =INDIRECT("'"&H$8&"'!"&$A49)*VLOOKUP($D49,Tables!$G$10:$K$33,4,0) -> 0 | I49: =INDIRECT("'"&I$8&"'!"&$A49)*VLOOKUP($D49,Tables!$G$10:$K$33,4,0) -> 0 | J49: =INDIRECT("'"&J$8&"'!"&$A49)*VLOOKUP($D49,Tables!$G$10:$K$33,4,0) -> 0 | K49: =INDIRECT("'"&K$8&"'!"&$A49)*VLOOKUP($D49,Tables!$G$10:$K$33,4,0) -> 0 | L49: =INDIRECT("'"&L$8&"'!"&$A49)*VLOOKUP($D49,Tables!$G$10:$K$33,4,0) -> 0 | ... AM49: =INDIRECT("'"&AM$8&"'!"&$A49)*VLOOKUP($D49,Tables!$G$10:$K$33,4,0) -> 617.39265 | AQ49: =HLOOKUP(AQ$8,$E$8:$AL$230,$B49,0)/HLOOKUP(AQ$8,$E$8:$AL$230,$B11,0) -> 0 | AR49: =HLOOKUP(AR$8,$E$8:$AL$230,$B49,0)/HLOOKUP(AR$8,$E$8:$AL$230,$B11,0) -> 0 | AS49: =HLOOKUP(AS$8,$E$8:$AL$230,$B49,0)/HLOOKUP(AS$8,$E$8:$AL$230,$B11,0) -> 0.00081670789 | AT49: =HLOOKUP(AT$8,$E$8:$AL$230,$B49,0)/HLOOKUP(AT$8,$E$8:$AL$230,$B11,0) -> 0.016260498 | AU49: =HLOOKUP(AU$8,$E$8:$AL$230,$B49,0)/HLOOKUP(AU$8,$E$8:$AL$230,$B11,0) -> 0.016467265 | AW49: =IFERROR(POWER(INDEX($E49:$AL49,AW$5)/INDEX($E49:$AL49,AW$4),1/AW$6)-1,) -> 0 | AX49: =IFERROR(POWER(INDEX($E49:$AL49,AX$5)/INDEX($E49:$AL49,AX$4),1/AX$6)-1,) -> 0 | AY49: =IFERROR(POWER(INDEX($E49:$AL49,AY$5)/INDEX($E49:$AL49,AY$4),1/AY$6)-1,) -> 0 | AZ49: =IFERROR(POWER(INDEX($E49:$AL49,AZ$5)/INDEX($E49:$AL49,AZ$4),1/AZ$6)-1,) -> 0 | BA49: =IFERROR(POWER(INDEX($E49:$AL49,BA$5)/INDEX($E49:$AL49,BA$4),1/BA$6)-1,) -> 0.11608224 | BB49: =IFERROR(POWER(INDEX($E49:$AL49,BB$5)/INDEX($E49:$AL49,BB$4),1/BB$6)-1,) -> 0
A50: =ADDRESS(MATCH($D10,'2021'!$A$1:$A$72,0),MATCH($D50,'2021'!$A$1:$AQ$1,0)) -> $AO$8 | B50: =B49+1 -> 43 | D50: Electricity | E50: =INDIRECT("'"&E$8&"'!"&$A50)*VLOOKUP($D50,Tables!$G$10:$K$33,4,0) -> 0 | F50: =INDIRECT("'"&F$8&"'!"&$A50)*VLOOKUP($D50,Tables!$G$10:$K$33,4,0) -> 0 | G50: =INDIRECT("'"&G$8&"'!"&$A50)*VLOOKUP($D50,Tables!$G$10:$K$33,4,0) -> 0 | H50: =INDIRECT("'"&H$8&"'!"&$A50)*VLOOKUP($D50,Tables!$G$10:$K$33,4,0) -> 0 | I50: =INDIRECT("'"&I$8&"'!"&$A50)*VLOOKUP($D50,Tables!$G$10:$K$33,4,0) -> 0 | J50: =INDIRECT("'"&J$8&"'!"&$A50)*VLOOKUP($D50,Tables!$G$10:$K$33,4,0) -> 0 | K50: =INDIRECT("'"&K$8&"'!"&$A50)*VLOOKUP($D50,Tables!$G$10:$K$33,4,0) -> 0 | L50: =INDIRECT("'"&L$8&"'!"&$A50)*VLOOKUP($D50,Tables!$G$10:$K$33,4,0) -> 0 | ... AM50: =INDIRECT("'"&AM$8&"'!"&$A50)*VLOOKUP($D50,Tables!$G$10:$K$33,4,0) -> 0 | AQ50: =HLOOKUP(AQ$8,$E$8:$AL$230,$B50,0)/HLOOKUP(AQ$8,$E$8:$AL$230,$B11,0) -> 0 | AR50: =HLOOKUP(AR$8,$E$8:$AL$230,$B50,0)/HLOOKUP(AR$8,$E$8:$AL$230,$B11,0) -> 0 | AS50: =HLOOKUP(AS$8,$E$8:$AL$230,$B50,0)/HLOOKUP(AS$8,$E$8:$AL$230,$B11,0) -> 0 | AT50: =HLOOKUP(AT$8,$E$8:$AL$230,$B50,0)/HLOOKUP(AT$8,$E$8:$AL$230,$B11,0) -> 0 | AU50: =HLOOKUP(AU$8,$E$8:$AL$230,$B50,0)/HLOOKUP(AU$8,$E$8:$AL$230,$B11,0) -> 0 | AW50: =IFERROR(POWER(INDEX($E50:$AL50,AW$5)/INDEX($E50:$AL50,AW$4),1/AW$6)-1,) -> 0 | AX50: =IFERROR(POWER(INDEX($E50:$AL50,AX$5)/INDEX($E50:$AL50,AX$4),1/AX$6)-1,) -> 0 | AY50: =IFERROR(POWER(INDEX($E50:$AL50,AY$5)/INDEX($E50:$AL50,AY$4),1/AY$6)-1,) -> 0 | AZ50: =IFERROR(POWER(INDEX($E50:$AL50,AZ$5)/INDEX($E50:$AL50,AZ$4),1/AZ$6)-1,) -> 0 | BA50: =IFERROR(POWER(INDEX($E50:$AL50,BA$5)/INDEX($E50:$AL50,BA$4),1/BA$6)-1,) -> 0 | BB50: =IFERROR(POWER(INDEX($E50:$AL50,BB$5)/INDEX($E50:$AL50,BB$4),1/BB$6)-1,) -> 0
A51: =ADDRESS(MATCH($D10,'2021'!$A$1:$A$72,0),MATCH($D51,'2021'!$A$1:$AQ$1,0)) -> $AP$8 | B51: =B50+1 -> 44 | D51: Heat | E51: 0 | F51: 0 | G51: 0 | H51: 0 | I51: 0 | J51: 0 | K51: 0 | L51: 0 | M51: 0 | N51: 0 | O51: 0 | P51: 0 | Q51: 0 | R51: 0 | S51: 0 | T51: 0 | U51: 0 | V51: 0 | W51: 0 | X51: 0 | Y51: 0 | Z51: 0 | AA51: 0 | AB51: 0 | AC51: 0 | AD51: 0 | AE51: 0 | AF51: 0 | AG51: 0 | AH51: 0 | AI51: 0 | AJ51: 0 | AK51: 0 | AL51: 0 | AM51: 0 | AQ51: =HLOOKUP(AQ$8,$E$8:$AL$230,$B51,0)/HLOOKUP(AQ$8,$E$8:$AL$230,$B11,0) -> 0 | AR51: =HLOOKUP(AR$8,$E$8:$AL$230,$B51,0)/HLOOKUP(AR$8,$E$8:$AL$230,$B11,0) -> 0 | AS51: =HLOOKUP(AS$8,$E$8:$AL$230,$B51,0)/HLOOKUP(AS$8,$E$8:$AL$230,$B11,0) -> 0 | AT51: =HLOOKUP(AT$8,$E$8:$AL$230,$B51,0)/HLOOKUP(AT$8,$E$8:$AL$230,$B11,0) -> 0 | AU51: =HLOOKUP(AU$8,$E$8:$AL$230,$B51,0)/HLOOKUP(AU$8,$E$8:$AL$230,$B11,0) -> 0 | AW51: =IFERROR(POWER(INDEX($E51:$AL51,AW$5)/INDEX($E51:$AL51,AW$4),1/AW$6)-1,) -> 0 | AX51: =IFERROR(POWER(INDEX($E51:$AL51,AX$5)/INDEX($E51:$AL51,AX$4),1/AX$6)-1,) -> 0 | AY51: =IFERROR(POWER(INDEX($E51:$AL51,AY$5)/INDEX($E51:$AL51,AY$4),1/AY$6)-1,) -> 0 | AZ51: =IFERROR(POWER(INDEX($E51:$AL51,AZ$5)/INDEX($E51:$AL51,AZ$4),1/AZ$6)-1,) -> 0 | BA51: =IFERROR(POWER(INDEX($E51:$AL51,BA$5)/INDEX($E51:$AL51,BA$4),1/BA$6)-1,) -> 0 | BB51: =IFERROR(POWER(INDEX($E51:$AL51,BB$5)/INDEX($E51:$AL51,BB$4),1/BB$6)-1,) -> 0
A52: =ADDRESS(MATCH($D10,'2021'!$A$1:$A$72,0),MATCH($D52,'2021'!$A$1:$AQ$1,0)) -> $AQ$8 | B52: =B51+1 -> 45 | D52: Total | E52: =SUM(E12,E17,E21,E36,E37,E48,E49,E51) -> 31461.413 | F52: =SUM(F12,F17,F21,F36,F37,F48,F49,F51) -> 31903.389 | G52: =SUM(G12,G17,G21,G36,G37,G48,G49,G51) -> 31810.795 | H52: =SUM(H12,H17,H21,H36,H37,H48,H49,H51) -> 32176.389 | I52: =SUM(I12,I17,I21,I36,I37,I48,I49,I51) -> 33336.598 | J52: =SUM(J12,J17,J21,J36,J37,J48,J49,J51) -> 33870.243 | K52: =SUM(K12,K17,K21,K36,K37,K48,K49,K51) -> 35426.654 | L52: =SUM(L12,L17,L21,L36,L37,L48,L49,L51) -> 36673.724 | ... AM52: =SUM(AM12,AM17,AM21,AM36,AM37,AM48,AM49,AM51) -> 33554.576 | AQ52: =HLOOKUP(AQ$8,$E$8:$AL$230,$B52,0)/HLOOKUP(AQ$8,$E$8:$AL$230,$B11,0) -> 1 | AR52: =HLOOKUP(AR$8,$E$8:$AL$230,$B52,0)/HLOOKUP(AR$8,$E$8:$AL$230,$B11,0) -> 1 | AS52: =HLOOKUP(AS$8,$E$8:$AL$230,$B52,0)/HLOOKUP(AS$8,$E$8:$AL$230,$B11,0) -> 1 | AT52: =HLOOKUP(AT$8,$E$8:$AL$230,$B52,0)/HLOOKUP(AT$8,$E$8:$AL$230,$B11,0) -> 1 | AU52: =HLOOKUP(AU$8,$E$8:$AL$230,$B52,0)/HLOOKUP(AU$8,$E$8:$AL$230,$B11,0) -> 1 | AW52: =IFERROR(POWER(INDEX($E52:$AL52,AW$5)/INDEX($E52:$AL52,AW$4),1/AW$6)-1,) -> 0.0032497312 | AX52: =IFERROR(POWER(INDEX($E52:$AL52,AX$5)/INDEX($E52:$AL52,AX$4),1/AX$6)-1,) -> 0.02934722 | AY52: =IFERROR(POWER(INDEX($E52:$AL52,AY$5)/INDEX($E52:$AL52,AY$4),1/AY$6)-1,) -> 0.01483935 | AZ52: =IFERROR(POWER(INDEX($E52:$AL52,AZ$5)/INDEX($E52:$AL52,AZ$4),1/AZ$6)-1,) -> -0.053347263 | BA52: =IFERROR(POWER(INDEX($E52:$AL52,BA$5)/INDEX($E52:$AL52,BA$4),1/BA$6)-1,) -> -0.010569191 | BB52: =IFERROR(POWER(INDEX($E52:$AL52,BB$5)/INDEX($E52:$AL52,BB$4),1/BB$6)-1,) -> 0
B53: =B52+1 -> 46
B54: =#REF!+1 -> #REF!
B55: =B54+1 -> #REF!
B56: =B55+1 -> #REF!
B57: =B56+1 -> #REF!
B58: =B57+1 -> #REF!
B59: =B58+1 -> #REF!
B60: =B59+1 -> #REF!
B61: =B60+1 -> #REF!
B62: =B61+1 -> #REF!
B63: =B62+1 -> #REF!
B64: =B63+1 -> #REF!
B65: =B64+1 -> #REF!
B66: =B65+1 -> #REF!
... B230: =B229+1 -> #REF!

Sheet TS-Coal
AP4: =AP8-1990 -> 0 | AQ4: =AQ8-1990 -> 10 | AR4: =AR8-1990 -> 28 | AS4: =AS8-1990 -> 32 | AT4: =AT8-1990 -> 33 | AV4: =AV8-1990+1 -> 1 | AW4: =AW8-1990+1 -> 1 | AX4: =AX8-1990+1 -> 11 | AY4: =AY8-1990+1 -> 19 | AZ4: =AZ8-1990+1 -> 26 | BA4: =BA8-1990+1 -> 16
AV5: =AV9-1990+1 -> 33 | AW5: =AW9-1990+1 -> 11 | AX5: =AX9-1990+1 -> 19 | AY5: =AY9-1990+1 -> 23 | AZ5: =AZ9-1990+1 -> 30 | BA5: =BA9-1990+1 -> 34
AV6: =AV9-AV8 -> 32 | AW6: =AW9-AW8 -> 10 | AX6: =AX9-AX8 -> 8 | AY6: =AY9-AY8 -> 4 | AZ6: =AZ9-AZ8 -> 4 | BA6: =BA9-BA8 -> 18
E7: Time Series | AP7: % Shares | AV7: Average Annual Growth Rate %
D8: TWh | E8: 1990 | F8: =E8+1 -> 1991 | G8: =F8+1 -> 1992 | H8: =G8+1 -> 1993 | I8: =H8+1 -> 1994 | J8: =I8+1 -> 1995 | K8: =J8+1 -> 1996 | L8: =K8+1 -> 1997 | M8: =L8+1 -> 1998 | ... AL8: =AK8+1 -> 2023 | AP8: 1990 | AQ8: 2000 | AR8: 2018 | AS8: 2022 | AT8: 2023 | AV8: 1990 | AW8: 1990 | AX8: 2000 | AY8: 2008 | AZ8: 2015 | BA8: 2005
AV9: 2022 | AW9: 2000 | AX9: 2008 | AY9: 2012 | AZ9: 2019 | BA9: 2023
D10: Coal
B11: 4 | E11: =E20 -> 24.23622 | F11: =F20 -> 24.863028 | G11: =G20 -> 23.003146 | H11: =H20 -> 22.875592 | I11: =I20 -> 20.79728 | J11: =J20 -> 21.076372 | K11: =K20 -> 22.940858 | L11: =L20 -> 20.998114 | ... AL11: =AL20 -> 5.3947222 | AP11: =SUM(AP12:AP19) -> 1 | AQ11: =SUM(AQ12:AQ19) -> 1 | AR11: =SUM(AR12:AR19) -> 1 | AS11: =SUM(AS12:AS19) -> 1 | AT11: =SUM(AT12:AT19) -> 1 | AV11: =IFERROR(POWER(INDEX($E11:$AN11,AV$5)/INDEX($E11:$AN11,AV$4),1/AV$6)-1,) -> -0.031057713 | AW11: =IFERROR(POWER(INDEX($E11:$AN11,AW$5)/INDEX($E11:$AN11,AW$4),1/AW$6)-1,) -> -0.013179913 | AX11: =IFERROR(POWER(INDEX($E11:$AN11,AX$5)/INDEX($E11:$AN11,AX$4),1/AX$6)-1,) -> -0.031491817 | AY11: =IFERROR(POWER(INDEX($E11:$AN11,AY$5)/INDEX($E11:$AN11,AY$4),1/AY$6)-1,) -> 0.014886849 | AZ11: =IFERROR(POWER(INDEX($E11:$AN11,AZ$5)/INDEX($E11:$AN11,AZ$4),1/AZ$6)-1,) -> -0.27282354 | BA11: =IFERROR(POWER(INDEX($E11:$AN11,BA$5)/INDEX($E11:$AN11,BA$4),1/BA$6)-1,) -> -0.075368731
A12: =ADDRESS(MATCH($D12,'2021'!$A$1:$A$86,0),MATCH($D$10,'2021'!$A$1:$AQ$1,0)) -> $C$30 | B12: =B11+1 -> 5 | D12: Industry* | E12: =INDIRECT("'"&E$8&"'!"&$A12)*VLOOKUP($D$8,Tables!$C$1:$D$3,2,0) -> 2.5140265 | F12: =INDIRECT("'"&F$8&"'!"&$A12)*VLOOKUP($D$8,Tables!$C$1:$D$3,2,0) -> 2.5233932 | G12: =INDIRECT("'"&G$8&"'!"&$A12)*VLOOKUP($D$8,Tables!$C$1:$D$3,2,0) -> 1.2713138 | H12: =INDIRECT("'"&H$8&"'!"&$A12)*VLOOKUP($D$8,Tables!$C$1:$D$3,2,0) -> 1.5581305 | I12: =INDIRECT("'"&I$8&"'!"&$A12)*VLOOKUP($D$8,Tables!$C$1:$D$3,2,0) -> 0.59897438 | J12: =INDIRECT("'"&J$8&"'!"&$A12)*VLOOKUP($D$8,Tables!$C$1:$D$3,2,0) -> 0.82993227 | K12: =INDIRECT("'"&K$8&"'!"&$A12)*VLOOKUP($D$8,Tables!$C$1:$D$3,2,0) -> 1.3896513 | L12: =INDIRECT("'"&L$8&"'!"&$A12)*VLOOKUP($D$8,Tables!$C$1:$D$3,2,0) -> 1.0448015 | ... AL12: =INDIRECT("'"&AL$8&"'!"&$A12)*VLOOKUP($D$8,Tables!$C$1:$D$3,2,0) -> 0.60868329 | AP12: =HLOOKUP(AP$8,$E$8:$AN$198,$B12,0)/HLOOKUP(AP$8,$E$8:$AN$198,$B$11,0) -> 0.10373014 | AQ12: =HLOOKUP(AQ$8,$E$8:$AN$198,$B12,0)/HLOOKUP(AQ$8,$E$8:$AN$198,$B$11,0) -> 0.061719172 | AR12: =HLOOKUP(AR$8,$E$8:$AN$198,$B12,0)/HLOOKUP(AR$8,$E$8:$AN$198,$B$11,0) -> 0.12985436 | AS12: =HLOOKUP(AS$8,$E$8:$AN$198,$B12,0)/HLOOKUP(AS$8,$E$8:$AN$198,$B$11,0) -> 0.093280091 | AT12: =HLOOKUP(AT$8,$E$8:$AN$198,$B12,0)/HLOOKUP(AT$8,$E$8:$AN$198,$B$11,0) -> 0.1128294 | AV12: =IFERROR(POWER(INDEX($E12:$AN12,AV$5)/INDEX($E12:$AN12,AV$4),1/AV$6)-1,) -> -0.034267638 | AW12: =IFERROR(POWER(INDEX($E12:$AN12,AW$5)/INDEX($E12:$AN12,AW$4),1/AW$6)-1,) -> -0.063108079 | AX12: =IFERROR(POWER(INDEX($E12:$AN12,AX$5)/INDEX($E12:$AN12,AX$4),1/AX$6)-1,) -> 0.048847799 | AY12: =IFERROR(POWER(INDEX($E12:$AN12,AY$5)/INDEX($E12:$AN12,AY$4),1/AY$6)-1,) -> -0.12428245 | AZ12: =IFERROR(POWER(INDEX($E12:$AN12,AZ$5)/INDEX($E12:$AN12,AZ$4),1/AZ$6)-1,) -> -0.070140168 | BA12: =IFERROR(POWER(INDEX($E12:$AN12,BA$5)/INDEX($E12:$AN12,BA$4),1/BA$6)-1,) -> -0.07469771
A13: =ADDRESS(MATCH($D13,'2021'!$A$1:$A$86,0),MATCH($D$10,'2021'!$A$1:$AQ$1,0)) -> $C$45 | B13: =B12+1 -> 6 | D13: Transport | E13: =INDIRECT("'"&E$8&"'!"&$A13)*VLOOKUP($D$8,Tables!$C$1:$D$3,2,0) -> 0 | F13: =INDIRECT("'"&F$8&"'!"&$A13)*VLOOKUP($D$8,Tables!$C$1:$D$3,2,0) -> 0 | G13: =INDIRECT("'"&G$8&"'!"&$A13)*VLOOKUP($D$8,Tables!$C$1:$D$3,2,0) -> 0 | H13: =INDIRECT("'"&H$8&"'!"&$A13)*VLOOKUP($D$8,Tables!$C$1:$D$3,2,0) -> 0 | I13: =INDIRECT("'"&I$8&"'!"&$A13)*VLOOKUP($D$8,Tables!$C$1:$D$3,2,0) -> 0 | J13: =INDIRECT("'"&J$8&"'!"&$A13)*VLOOKUP($D$8,Tables!$C$1:$D$3,2,0) -> 0 | K13: =INDIRECT("'"&K$8&"'!"&$A13)*VLOOKUP($D$8,Tables!$C$1:$D$3,2,0) -> 0 | L13: =INDIRECT("'"&L$8&"'!"&$A13)*VLOOKUP($D$8,Tables!$C$1:$D$3,2,0) -> 0 | ... AL13: =INDIRECT("'"&AL$8&"'!"&$A13)*VLOOKUP($D$8,Tables!$C$1:$D$3,2,0) -> 0 | AP13: =HLOOKUP(AP$8,$E$8:$AN$198,$B13,0)/HLOOKUP(AP$8,$E$8:$AN$198,$B$11,0) -> 0 | AQ13: =HLOOKUP(AQ$8,$E$8:$AN$198,$B13,0)/HLOOKUP(AQ$8,$E$8:$AN$198,$B$11,0) -> 0 | AR13: =HLOOKUP(AR$8,$E$8:$AN$198,$B13,0)/HLOOKUP(AR$8,$E$8:$AN$198,$B$11,0) -> 0 | AS13: =HLOOKUP(AS$8,$E$8:$AN$198,$B13,0)/HLOOKUP(AS$8,$E$8:$AN$198,$B$11,0) -> 0 | AT13: =HLOOKUP(AT$8,$E$8:$AN$198,$B13,0)/HLOOKUP(AT$8,$E$8:$AN$198,$B$11,0) -> 0 | AV13: =IFERROR(POWER(INDEX($E13:$AN13,AV$5)/INDEX($E13:$AN13,AV$4),1/AV$6)-1,) -> 0 | AW13: =IFERROR(POWER(INDEX($E13:$AN13,AW$5)/INDEX($E13:$AN13,AW$4),1/AW$6)-1,) -> 0 | AX13: =IFERROR(POWER(INDEX($E13:$AN13,AX$5)/INDEX($E13:$AN13,AX$4),1/AX$6)-1,) -> 0 | AY13: =IFERROR(POWER(INDEX($E13:$AN13,AY$5)/INDEX($E13:$AN13,AY$4),1/AY$6)-1,) -> 0 | AZ13: =IFERROR(POWER(INDEX($E13:$AN13,AZ$5)/INDEX($E13:$AN13,AZ$4),1/AZ$6)-1,) -> 0 | BA13: =IFERROR(POWER(INDEX($E13:$AN13,BA$5)/INDEX($E13:$AN13,BA$4),1/BA$6)-1,) -> 0
A14: =ADDRESS(MATCH($D14,'2021'!$A$1:$A$86,0),MATCH($D$10,'2021'!$A$1:$AQ$1,0)) -> $C$56 | B14: =B13+1 -> 7 | D14: Residential | E14: =INDIRECT("'"&E$8&"'!"&$A14)*VLOOKUP($D$8,Tables!$C$1:$D$3,2,0) -> 7.2780012 | F14: =INDIRECT("'"&F$8&"'!"&$A14)*VLOOKUP($D$8,Tables!$C$1:$D$3,2,0) -> 8.1347327 | G14: =INDIRECT("'"&G$8&"'!"&$A14)*VLOOKUP($D$8,Tables!$C$1:$D$3,2,0) -> 5.540861 | H14: =INDIRECT("'"&H$8&"'!"&$A14)*VLOOKUP($D$8,Tables!$C$1:$D$3,2,0) -> 5.536888 | I14: =INDIRECT("'"&I$8&"'!"&$A14)*VLOOKUP($D$8,Tables!$C$1:$D$3,2,0) -> 3.9358312 | J14: =INDIRECT("'"&J$8&"'!"&$A14)*VLOOKUP($D$8,Tables!$C$1:$D$3,2,0) -> 2.8617775 | K14: =INDIRECT("'"&K$8&"'!"&$A14)*VLOOKUP($D$8,Tables!$C$1:$D$3,2,0) -> 4.2796745 | L14: =INDIRECT("'"&L$8&"'!"&$A14)*VLOOKUP($D$8,Tables!$C$1:$D$3,2,0) -> 3.2302762 | ... AL14: =INDIRECT("'"&AL$8&"'!"&$A14)*VLOOKUP($D$8,Tables!$C$1:$D$3,2,0) -> 1.1244728 | AP14: =HLOOKUP(AP$8,$E$8:$AN$198,$B14,0)/HLOOKUP(AP$8,$E$8:$AN$198,$B$11,0) -> 0.3002944 | AQ14: =HLOOKUP(AQ$8,$E$8:$AN$198,$B14,0)/HLOOKUP(AQ$8,$E$8:$AN$198,$B$11,0) -> 0.1565911 | AR14: =HLOOKUP(AR$8,$E$8:$AN$198,$B14,0)/HLOOKUP(AR$8,$E$8:$AN$198,$B$11,0) -> 0.26702776 | AS14: =HLOOKUP(AS$8,$E$8:$AN$198,$B14,0)/HLOOKUP(AS$8,$E$8:$AN$198,$B$11,0) -> 0.16344311 | AT14: =HLOOKUP(AT$8,$E$8:$AN$198,$B14,0)/HLOOKUP(AT$8,$E$8:$AN$198,$B$11,0) -> 0.20843942 | AV14: =IFERROR(POWER(INDEX($E14:$AN14,AV$5)/INDEX($E14:$AN14,AV$4),1/AV$6)-1,) -> -0.049302687 | AW14: =IFERROR(POWER(INDEX($E14:$AN14,AW$5)/INDEX($E14:$AN14,AW$4),1/AW$6)-1,) -> -0.075387062 | AX14: =IFERROR(POWER(INDEX($E14:$AN14,AX$5)/INDEX($E14:$AN14,AX$4),1/AX$6)-1,) -> -0.026886811 | AY14: =IFERROR(POWER(INDEX($E14:$AN14,AY$5)/INDEX($E14:$AN14,AY$4),1/AY$6)-1,) -> 0.011936414 | AZ14: =IFERROR(POWER(INDEX($E14:$AN14,AZ$5)/INDEX($E14:$AN14,AZ$4),1/AZ$6)-1,) -> -0.068502901 | BA14: =IFERROR(POWER(INDEX($E14:$AN14,BA$5)/INDEX($E14:$AN14,BA$4),1/BA$6)-1,) -> -0.050540707
A15: =ADDRESS(MATCH($D15,'2021'!$A$1:$A$86,0),MATCH($D$10,'2021'!$A$1:$AQ$1,0)) -> $C$58 | B15: =B14+1 -> 8 | D15: Commercial Services* | E15: =INDIRECT("'"&E$8&"'!"&$A15)*VLOOKUP($D$8,Tables!$C$1:$D$3,2,0) -> 0.0075045568 | F15: =INDIRECT("'"&F$8&"'!"&$A15)*VLOOKUP($D$8,Tables!$C$1:$D$3,2,0) -> 0 | G15: =INDIRECT("'"&G$8&"'!"&$A15)*VLOOKUP($D$8,Tables!$C$1:$D$3,2,0) -> 0 | H15: =INDIRECT("'"&H$8&"'!"&$A15)*VLOOKUP($D$8,Tables!$C$1:$D$3,2,0) -> 0 | I15: =INDIRECT("'"&I$8&"'!"&$A15)*VLOOKUP($D$8,Tables!$C$1:$D$3,2,0) -> 0 | J15: =INDIRECT("'"&J$8&"'!"&$A15)*VLOOKUP($D$8,Tables!$C$1:$D$3,2,0) -> 0 | K15: =INDIRECT("'"&K$8&"'!"&$A15)*VLOOKUP($D$8,Tables!$C$1:$D$3,2,0) -> 0 | L15: =INDIRECT("'"&L$8&"'!"&$A15)*VLOOKUP($D$8,Tables!$C$1:$D$3,2,0) -> 0 | ... AL15: =INDIRECT("'"&AL$8&"'!"&$A15)*VLOOKUP($D$8,Tables!$C$1:$D$3,2,0) -> 0.0024651892 | AP15: =HLOOKUP(AP$8,$E$8:$AN$198,$B15,0)/HLOOKUP(AP$8,$E$8:$AN$198,$B$11,0) -> 0.00030964221 | AQ15: =HLOOKUP(AQ$8,$E$8:$AN$198,$B15,0)/HLOOKUP(AQ$8,$E$8:$AN$198,$B$11,0) -> 0 | AR15: =HLOOKUP(AR$8,$E$8:$AN$198,$B15,0)/HLOOKUP(AR$8,$E$8:$AN$198,$B$11,0) -> 0.00063424158 | AS15: =HLOOKUP(AS$8,$E$8:$AN$198,$B15,0)/HLOOKUP(AS$8,$E$8:$AN$198,$B$11,0) -> 0.0002791594 | AT15: =HLOOKUP(AT$8,$E$8:$AN$198,$B15,0)/HLOOKUP(AT$8,$E$8:$AN$198,$B$11,0) -> 0.00045696315 | AV15: =IFERROR(POWER(INDEX($E15:$AN15,AV$5)/INDEX($E15:$AN15,AV$4),1/AV$6)-1,) -> -0.034190633 | AW15: =IFERROR(POWER(INDEX($E15:$AN15,AW$5)/INDEX($E15:$AN15,AW$4),1/AW$6)-1,) -> -1 | AX15: =IFERROR(POWER(INDEX($E15:$AN15,AX$5)/INDEX($E15:$AN15,AX$4),1/AX$6)-1,) -> 0 | AY15: =IFERROR(POWER(INDEX($E15:$AN15,AY$5)/INDEX($E15:$AN15,AY$4),1/AY$6)-1,) -> -0.5975999 | AZ15: =IFERROR(POWER(INDEX($E15:$AN15,AZ$5)/INDEX($E15:$AN15,AZ$4),1/AZ$6)-1,) -> 0.10495083 | BA15: =IFERROR(POWER(INDEX($E15:$AN15,BA$5)/INDEX($E15:$AN15,BA$4),1/BA$6)-1,) -> -0.23565105
A16: =ADDRESS(MATCH($D16,'2021'!$A$1:$A$86,0),MATCH($D$10,'2021'!$A$1:$AQ$1,0)) -> $C$65 | B16: =B15+1 -> 9 | D16: Public Services* | E16: =INDIRECT("'"&E$8&"'!"&$A16)*VLOOKUP($D$8,Tables!$C$1:$D$3,2,0) -> 0 | F16: =INDIRECT("'"&F$8&"'!"&$A16)*VLOOKUP($D$8,Tables!$C$1:$D$3,2,0) -> 0 | G16: =INDIRECT("'"&G$8&"'!"&$A16)*VLOOKUP($D$8,Tables!$C$1:$D$3,2,0) -> 0 | H16: =INDIRECT("'"&H$8&"'!"&$A16)*VLOOKUP($D$8,Tables!$C$1:$D$3,2,0) -> 0 | I16: =INDIRECT("'"&I$8&"'!"&$A16)*VLOOKUP($D$8,Tables!$C$1:$D$3,2,0) -> 0 | J16: =INDIRECT("'"&J$8&"'!"&$A16)*VLOOKUP($D$8,Tables!$C$1:$D$3,2,0) -> 0 | K16: =INDIRECT("'"&K$8&"'!"&$A16)*VLOOKUP($D$8,Tables!$C$1:$D$3,2,0) -> 0 | L16: =INDIRECT("'"&L$8&"'!"&$A16)*VLOOKUP($D$8,Tables!$C$1:$D$3,2,0) -> 0 | ... AL16: =INDIRECT("'"&AL$8&"'!"&$A16)*VLOOKUP($D$8,Tables!$C$1:$D$3,2,0) -> 0 | AP16: =HLOOKUP(AP$8,$E$8:$AN$198,$B16,0)/HLOOKUP(AP$8,$E$8:$AN$198,$B$11,0) -> 0 | AQ16: =HLOOKUP(AQ$8,$E$8:$AN$198,$B16,0)/HLOOKUP(AQ$8,$E$8:$AN$198,$B$11,0) -> 0 | AR16: =HLOOKUP(AR$8,$E$8:$AN$198,$B16,0)/HLOOKUP(AR$8,$E$8:$AN$198,$B$11,0) -> 6.1576853e-06 | AS16: =HLOOKUP(AS$8,$E$8:$AN$198,$B16,0)/HLOOKUP(AS$8,$E$8:$AN$198,$B$11,0) -> 0 | AT16: =HLOOKUP(AT$8,$E$8:$AN$198,$B16,0)/HLOOKUP(AT$8,$E$8:$AN$198,$B$11,0) -> 0 | AV16: =IFERROR(POWER(INDEX($E16:$AN16,AV$5)/INDEX($E16:$AN16,AV$4),1/AV$6)-1,) -> 0 | AW16: =IFERROR(POWER(INDEX($E16:$AN16,AW$5)/INDEX($E16:$AN16,AW$4),1/AW$6)-1,) -> 0 | AX16: =IFERROR(POWER(INDEX($E16:$AN16,AX$5)/INDEX($E16:$AN16,AX$4),1/AX$6)-1,) -> 0 | AY16: =IFERROR(POWER(INDEX($E16:$AN16,AY$5)/INDEX($E16:$AN16,AY$4),1/AY$6)-1,) -> 0 | AZ16: =IFERROR(POWER(INDEX($E16:$AN16,AZ$5)/INDEX($E16:$AN16,AZ$4),1/AZ$6)-1,) -> 0.10668192 | BA16: =IFERROR(POWER(INDEX($E16:$AN16,BA$5)/INDEX($E16:$AN16,BA$4),1/BA$6)-1,) -> 0
A17: =ADDRESS(MATCH($D17,'2021'!$A$1:$A$86,0),MATCH($D$10,'2021'!$A$1:$AQ$1,0)) -> $C$70 | B17: =B16+1 -> 10 | D17: Agricultural | E17: =INDIRECT("'"&E$8&"'!"&$A17)*VLOOKUP($D$8,Tables!$C$1:$D$3,2,0) -> 0 | F17: =INDIRECT("'"&F$8&"'!"&$A17)*VLOOKUP($D$8,Tables!$C$1:$D$3,2,0) -> 0 | G17: =INDIRECT("'"&G$8&"'!"&$A17)*VLOOKUP($D$8,Tables!$C$1:$D$3,2,0) -> 0 | H17: =INDIRECT("'"&H$8&"'!"&$A17)*VLOOKUP($D$8,Tables!$C$1:$D$3,2,0) -> 0 | I17: =INDIRECT("'"&I$8&"'!"&$A17)*VLOOKUP($D$8,Tables!$C$1:$D$3,2,0) -> 0 | J17: =INDIRECT("'"&J$8&"'!"&$A17)*VLOOKUP($D$8,Tables!$C$1:$D$3,2,0) -> 0 | K17: =INDIRECT("'"&K$8&"'!"&$A17)*VLOOKUP($D$8,Tables!$C$1:$D$3,2,0) -> 0 | L17: =INDIRECT("'"&L$8&"'!"&$A17)*VLOOKUP($D$8,Tables!$C$1:$D$3,2,0) -> 0 | ... AL17: =INDIRECT("'"&AL$8&"'!"&$A17)*VLOOKUP($D$8,Tables!$C$1:$D$3,2,0) -> 0 | AP17: =HLOOKUP(AP$8,$E$8:$AN$198,$B17,0)/HLOOKUP(AP$8,$E$8:$AN$198,$B$11,0) -> 0 | AQ17: =HLOOKUP(AQ$8,$E$8:$AN$198,$B17,0)/HLOOKUP(AQ$8,$E$8:$AN$198,$B$11,0) -> 0 | AR17: =HLOOKUP(AR$8,$E$8:$AN$198,$B17,0)/HLOOKUP(AR$8,$E$8:$AN$198,$B$11,0) -> 0 | AS17: =HLOOKUP(AS$8,$E$8:$AN$198,$B17,0)/HLOOKUP(AS$8,$E$8:$AN$198,$B$11,0) -> 0 | AT17: =HLOOKUP(AT$8,$E$8:$AN$198,$B17,0)/HLOOKUP(AT$8,$E$8:$AN$198,$B$11,0) -> 0 | AV17: =IFERROR(POWER(INDEX($E17:$AN17,AV$5)/INDEX($E17:$AN17,AV$4),1/AV$6)-1,) -> 0 | AW17: =IFERROR(POWER(INDEX($E17:$AN17,AW$5)/INDEX($E17:$AN17,AW$4),1/AW$6)-1,) -> 0 | AX17: =IFERROR(POWER(INDEX($E17:$AN17,AX$5)/INDEX($E17:$AN17,AX$4),1/AX$6)-1,) -> 0 | AY17: =IFERROR(POWER(INDEX($E17:$AN17,AY$5)/INDEX($E17:$AN17,AY$4),1/AY$6)-1,) -> 0 | AZ17: =IFERROR(POWER(INDEX($E17:$AN17,AZ$5)/INDEX($E17:$AN17,AZ$4),1/AZ$6)-1,) -> 0 | BA17: =IFERROR(POWER(INDEX($E17:$AN17,BA$5)/INDEX($E17:$AN17,BA$4),1/BA$6)-1,) -> 0
A18: =ADDRESS(MATCH($D18,'2021'!$A$1:$A$86,0),MATCH($D$10,'2021'!$A$1:$AQ$1,0)) -> $C$71 | B18: =B17+1 -> 11 | D18: Fisheries | E18: =INDIRECT("'"&E$8&"'!"&$A18)*VLOOKUP($D$8,Tables!$C$1:$D$3,2,0) -> 0 | F18: =INDIRECT("'"&F$8&"'!"&$A18)*VLOOKUP($D$8,Tables!$C$1:$D$3,2,0) -> 0 | G18: =INDIRECT("'"&G$8&"'!"&$A18)*VLOOKUP($D$8,Tables!$C$1:$D$3,2,0) -> 0 | H18: =INDIRECT("'"&H$8&"'!"&$A18)*VLOOKUP($D$8,Tables!$C$1:$D$3,2,0) -> 0 | I18: =INDIRECT("'"&I$8&"'!"&$A18)*VLOOKUP($D$8,Tables!$C$1:$D$3,2,0) -> 0 | J18: =INDIRECT("'"&J$8&"'!"&$A18)*VLOOKUP($D$8,Tables!$C$1:$D$3,2,0) -> 0 | K18: =INDIRECT("'"&K$8&"'!"&$A18)*VLOOKUP($D$8,Tables!$C$1:$D$3,2,0) -> 0 | L18: =INDIRECT("'"&L$8&"'!"&$A18)*VLOOKUP($D$8,Tables!$C$1:$D$3,2,0) -> 0 | ... AL18: =INDIRECT("'"&AL$8&"'!"&$A18)*VLOOKUP($D$8,Tables!$C$1:$D$3,2,0) -> 0 | AP18: =HLOOKUP(AP$8,$E$8:$AN$198,$B18,0)/HLOOKUP(AP$8,$E$8:$AN$198,$B$11,0) -> 0 | AQ18: =HLOOKUP(AQ$8,$E$8:$AN$198,$B18,0)/HLOOKUP(AQ$8,$E$8:$AN$198,$B$11,0) -> 0 | AR18: =HLOOKUP(AR$8,$E$8:$AN$198,$B18,0)/HLOOKUP(AR$8,$E$8:$AN$198,$B$11,0) -> 0 | AS18: =HLOOKUP(AS$8,$E$8:$AN$198,$B18,0)/HLOOKUP(AS$8,$E$8:$AN$198,$B$11,0) -> 0 | AT18: =HLOOKUP(AT$8,$E$8:$AN$198,$B18,0)/HLOOKUP(AT$8,$E$8:$AN$198,$B$11,0) -> 0 | AV18: =IFERROR(POWER(INDEX($E18:$AN18,AV$5)/INDEX($E18:$AN18,AV$4),1/AV$6)-1,) -> 0 | AW18: =IFERROR(POWER(INDEX($E18:$AN18,AW$5)/INDEX($E18:$AN18,AW$4),1/AW$6)-1,) -> 0 | AX18: =IFERROR(POWER(INDEX($E18:$AN18,AX$5)/INDEX($E18:$AN18,AX$4),1/AX$6)-1,) -> 0 | AY18: =IFERROR(POWER(INDEX($E18:$AN18,AY$5)/INDEX($E18:$AN18,AY$4),1/AY$6)-1,) -> 0 | AZ18: =IFERROR(POWER(INDEX($E18:$AN18,AZ$5)/INDEX($E18:$AN18,AZ$4),1/AZ$6)-1,) -> 0 | BA18: =IFERROR(POWER(INDEX($E18:$AN18,BA$5)/INDEX($E18:$AN18,BA$4),1/BA$6)-1,) -> 0
A19: =ADDRESS(MATCH($D19,'2021'!$A$1:$A$86,0),MATCH($D$10,'2021'!$A$1:$AQ$1,0)) -> $C$10 | B19: =B18+1 -> 12 | D19: Public Thermal Power Plants (Input) | E19: =INDIRECT("'"&E$8&"'!"&$A19)*VLOOKUP($D$8,Tables!$C$1:$D$3,2,0) -> 14.436688 | F19: =INDIRECT("'"&F$8&"'!"&$A19)*VLOOKUP($D$8,Tables!$C$1:$D$3,2,0) -> 14.204902 | G19: =INDIRECT("'"&G$8&"'!"&$A19)*VLOOKUP($D$8,Tables!$C$1:$D$3,2,0) -> 16.190971 | H19: =INDIRECT("'"&H$8&"'!"&$A19)*VLOOKUP($D$8,Tables!$C$1:$D$3,2,0) -> 15.780574 | I19: =INDIRECT("'"&I$8&"'!"&$A19)*VLOOKUP($D$8,Tables!$C$1:$D$3,2,0) -> 16.262474 | J19: =INDIRECT("'"&J$8&"'!"&$A19)*VLOOKUP($D$8,Tables!$C$1:$D$3,2,0) -> 17.384662 | K19: =INDIRECT("'"&K$8&"'!"&$A19)*VLOOKUP($D$8,Tables!$C$1:$D$3,2,0) -> 17.271533 | L19: =INDIRECT("'"&L$8&"'!"&$A19)*VLOOKUP($D$8,Tables!$C$1:$D$3,2,0) -> 16.723036 | ... AL19: =INDIRECT("'"&AL$8&"'!"&$A19)*VLOOKUP($D$8,Tables!$C$1:$D$3,2,0) -> 3.6591009 | AP19: =HLOOKUP(AP$8,$E$8:$AN$198,$B19,0)/HLOOKUP(AP$8,$E$8:$AN$198,$B$11,0) -> 0.59566582 | AQ19: =HLOOKUP(AQ$8,$E$8:$AN$198,$B19,0)/HLOOKUP(AQ$8,$E$8:$AN$198,$B$11,0) -> 0.78168972 | AR19: =HLOOKUP(AR$8,$E$8:$AN$198,$B19,0)/HLOOKUP(AR$8,$E$8:$AN$198,$B$11,0) -> 0.60247748 | AS19: =HLOOKUP(AS$8,$E$8:$AN$198,$B19,0)/HLOOKUP(AS$8,$E$8:$AN$198,$B$11,0) -> 0.74299764 | AT19: =HLOOKUP(AT$8,$E$8:$AN$198,$B19,0)/HLOOKUP(AT$8,$E$8:$AN$198,$B$11,0) -> 0.67827421
D20: Total | E20: =SUM(E12:E19) -> 24.23622 | F20: =SUM(F12:F19) -> 24.863028 | G20: =SUM(G12:G19) -> 23.003146 | H20: =SUM(H12:H19) -> 22.875592 | I20: =SUM(I12:I19) -> 20.79728 | J20: =SUM(J12:J19) -> 21.076372 | K20: =SUM(K12:K19) -> 22.940858 | L20: =SUM(L12:L19) -> 20.998114 | ... AL20: =SUM(AL12:AL19) -> 5.3947222 | AM20: =SUM(AM12:AM18) -> 0 | AN20: =SUM(AN12:AN18) -> 0 | AP20: =SUM(AP12:AP19) -> 1 | AQ20: =SUM(AQ12:AQ19) -> 1 | AR20: =SUM(AR12:AR19) -> 1 | AS20: =SUM(AS12:AS19) -> 1 | AT20: =SUM(AT12:AT19) -> 1 | AV20: =IFERROR(POWER(INDEX($E20:$AN20,AV$5)/INDEX($E20:$AN20,AV$4),1/AV$6)-1,) -> -0.031057713 | AW20: =IFERROR(POWER(INDEX($E20:$AN20,AW$5)/INDEX($E20:$AN20,AW$4),1/AW$6)-1,) -> -0.013179913 | AX20: =IFERROR(POWER(INDEX($E20:$AN20,AX$5)/INDEX($E20:$AN20,AX$4),1/AX$6)-1,) -> -0.031491817 | AY20: =IFERROR(POWER(INDEX($E20:$AN20,AY$5)/INDEX($E20:$AN20,AY$4),1/AY$6)-1,) -> 0.014886849 | AZ20: =IFERROR(POWER(INDEX($E20:$AN20,AZ$5)/INDEX($E20:$AN20,AZ$4),1/AZ$6)-1,) -> -0.27282354 | BA20: =IFERROR(POWER(INDEX($E20:$AN20,BA$5)/INDEX($E20:$AN20,BA$4),1/BA$6)-1,) -> -0.075368731
A24: NAMES
A25: Industry
A26: Transport
A27: Residental
A28: Commercial
A29: Public Services
A30: Agri
A31: Fisheries
A32: Power generation
B83: =B82+1 -> 1
B84: =B83+1 -> 2
B85: =B84+1 -> 3
B86: =B85+1 -> 4
B87: =B86+1 -> 5
B88: =B87+1 -> 6
B89: =B88+1 -> 7
B90: =B89+1 -> 8
B91: =B90+1 -> 9
B92: =B91+1 -> 10
B93: =B92+1 -> 11
B94: =B93+1 -> 12
... B198: =B197+1 -> 116

Sheet TS-Peat
AP4: =AP8-1990 -> 0 | AQ4: =AQ8-1990 -> 10 | AR4: =AR8-1990 -> 28 | AS4: =AS8-1990 -> 30 | AT4: =AT8-1990 -> 33 | AV4: =AV8-1990+1 -> 1 | AW4: =AW8-1990+1 -> 1 | AX4: =AX8-1990+1 -> 11 | AY4: =AY8-1990+1 -> 19 | AZ4: =AZ8-1990+1 -> 26 | BA4: =BA8-1990+1 -> 16
AV5: =AV9-1990+1 -> 33 | AW5: =AW9-1990+1 -> 11 | AX5: =AX9-1990+1 -> 19 | AY5: =AY9-1990+1 -> 23 | AZ5: =AZ9-1990+1 -> 30 | BA5: =BA9-1990+1 -> 34
AV6: =AV9-AV8 -> 32 | AW6: =AW9-AW8 -> 10 | AX6: =AX9-AX8 -> 8 | AY6: =AY9-AY8 -> 4 | AZ6: =AZ9-AZ8 -> 4 | BA6: =BA9-BA8 -> 18
E7: Time Series | AP7: % Shares | AV7: Average Annual Growth Rate %
D8: TWh | E8: 1990 | F8: =E8+1 -> 1991 | G8: =F8+1 -> 1992 | H8: =G8+1 -> 1993 | I8: =H8+1 -> 1994 | J8: =I8+1 -> 1995 | K8: =J8+1 -> 1996 | L8: =K8+1 -> 1997 | M8: =L8+1 -> 1998 | ... AL8: =AK8+1 -> 2023 | AP8: 1990 | AQ8: 2000 | AR8: 2018 | AS8: 2020 | AT8: 2023 | AV8: 1990 | AW8: 1990 | AX8: 2000 | AY8: 2008 | AZ8: 2015 | BA8: 2005
AV9: 2022 | AW9: 2000 | AX9: 2008 | AY9: 2012 | AZ9: 2019 | BA9: 2023
D10: Peat
B11: 4 | E11: =E20 -> 15.688486 | F11: =F20 -> 14.677075 | G11: =G20 -> 14.956743 | H11: =H20 -> 13.855094 | I11: =I20 -> 13.937613 | J11: =J20 -> 13.696071 | K11: =K20 -> 12.416195 | L11: =L20 -> 11.945918 | ... AL11: =AL20 -> 2.0176147 | AP11: =SUM(AP12:AP19) -> 1 | AQ11: =SUM(AQ12:AQ19) -> 1 | AR11: =SUM(AR12:AR19) -> 1 | AS11: =SUM(AS12:AS19) -> 1 | AT11: =SUM(AT12:AT19) -> 1 | AV11: =IFERROR(POWER(INDEX($E11:$AN11,AV$5)/INDEX($E11:$AN11,AV$4),1/AV$6)-1,) -> -0.05638549 | AW11: =IFERROR(POWER(INDEX($E11:$AN11,AW$5)/INDEX($E11:$AN11,AW$4),1/AW$6)-1,) -> -0.053151165 | AX11: =IFERROR(POWER(INDEX($E11:$AN11,AX$5)/INDEX($E11:$AN11,AX$4),1/AX$6)-1,) -> 0.010611376 | AY11: =IFERROR(POWER(INDEX($E11:$AN11,AY$5)/INDEX($E11:$AN11,AY$4),1/AY$6)-1,) -> -0.025944091 | AZ11: =IFERROR(POWER(INDEX($E11:$AN11,AZ$5)/INDEX($E11:$AN11,AZ$4),1/AZ$6)-1,) -> -0.048700328 | BA11: =IFERROR(POWER(INDEX($E11:$AN11,BA$5)/INDEX($E11:$AN11,BA$4),1/BA$6)-1,) -> -0.079010725
A12: =ADDRESS(MATCH($D12,'2021'!$A$1:$A$86,0),MATCH($D$10,'2021'!$A$1:$AQ$1,0)) -> $H$30 | B12: =B11+1 -> 5 | D12: Industry* | E12: =INDIRECT("'"&E$8&"'!"&$A12)*VLOOKUP($D$8,Tables!$C$1:$D$3,2,0) -> 0 | F12: =INDIRECT("'"&F$8&"'!"&$A12)*VLOOKUP($D$8,Tables!$C$1:$D$3,2,0) -> 0 | G12: =INDIRECT("'"&G$8&"'!"&$A12)*VLOOKUP($D$8,Tables!$C$1:$D$3,2,0) -> 0 | H12: =INDIRECT("'"&H$8&"'!"&$A12)*VLOOKUP($D$8,Tables!$C$1:$D$3,2,0) -> 0 | I12: =INDIRECT("'"&I$8&"'!"&$A12)*VLOOKUP($D$8,Tables!$C$1:$D$3,2,0) -> 0 | J12: =INDIRECT("'"&J$8&"'!"&$A12)*VLOOKUP($D$8,Tables!$C$1:$D$3,2,0) -> 0 | K12: =INDIRECT("'"&K$8&"'!"&$A12)*VLOOKUP($D$8,Tables!$C$1:$D$3,2,0) -> 0 | L12: =INDIRECT("'"&L$8&"'!"&$A12)*VLOOKUP($D$8,Tables!$C$1:$D$3,2,0) -> 0 | ... AL12: =INDIRECT("'"&AL$8&"'!"&$A12)*VLOOKUP($D$8,Tables!$C$1:$D$3,2,0) -> 0 | AP12: =HLOOKUP(AP$8,$E$8:$AN$198,$B12,0)/HLOOKUP(AP$8,$E$8:$AN$198,$B$11,0) -> 0 | AQ12: =HLOOKUP(AQ$8,$E$8:$AN$198,$B12,0)/HLOOKUP(AQ$8,$E$8:$AN$198,$B$11,0) -> 0 | AR12: =HLOOKUP(AR$8,$E$8:$AN$198,$B12,0)/HLOOKUP(AR$8,$E$8:$AN$198,$B$11,0) -> 0.0012485967 | AS12: =HLOOKUP(AS$8,$E$8:$AN$198,$B12,0)/HLOOKUP(AS$8,$E$8:$AN$198,$B$11,0) -> 0 | AT12: =HLOOKUP(AT$8,$E$8:$AN$198,$B12,0)/HLOOKUP(AT$8,$E$8:$AN$198,$B$11,0) -> 0 | AV12: =IFERROR(POWER(INDEX($E12:$AN12,AV$5)/INDEX($E12:$AN12,AV$4),1/AV$6)-1,) -> 0 | AW12: =IFERROR(POWER(INDEX($E12:$AN12,AW$5)/INDEX($E12:$AN12,AW$4),1/AW$6)-1,) -> 0 | AX12: =IFERROR(POWER(INDEX($E12:$AN12,AX$5)/INDEX($E12:$AN12,AX$4),1/AX$6)-1,) -> 0 | AY12: =IFERROR(POWER(INDEX($E12:$AN12,AY$5)/INDEX($E12:$AN12,AY$4),1/AY$6)-1,) -> 0.047647167 | AZ12: =IFERROR(POWER(INDEX($E12:$AN12,AZ$5)/INDEX($E12:$AN12,AZ$4),1/AZ$6)-1,) -> -1 | BA12: =IFERROR(POWER(INDEX($E12:$AN12,BA$5)/INDEX($E12:$AN12,BA$4),1/BA$6)-1,) -> -1
A13: =ADDRESS(MATCH($D13,'2021'!$A$1:$A$86,0),MATCH($D$10,'2021'!$A$1:$AQ$1,0)) -> $H$45 | B13: =B12+1 -> 6 | D13: Transport | E13: =INDIRECT("'"&E$8&"'!"&$A13)*VLOOKUP($D$8,Tables!$C$1:$D$3,2,0) -> 0 | F13: =INDIRECT("'"&F$8&"'!"&$A13)*VLOOKUP($D$8,Tables!$C$1:$D$3,2,0) -> 0 | G13: =INDIRECT("'"&G$8&"'!"&$A13)*VLOOKUP($D$8,Tables!$C$1:$D$3,2,0) -> 0 | H13: =INDIRECT("'"&H$8&"'!"&$A13)*VLOOKUP($D$8,Tables!$C$1:$D$3,2,0) -> 0 | I13: =INDIRECT("'"&I$8&"'!"&$A13)*VLOOKUP($D$8,Tables!$C$1:$D$3,2,0) -> 0 | J13: =INDIRECT("'"&J$8&"'!"&$A13)*VLOOKUP($D$8,Tables!$C$1:$D$3,2,0) -> 0 | K13: =INDIRECT("'"&K$8&"'!"&$A13)*VLOOKUP($D$8,Tables!$C$1:$D$3,2,0) -> 0 | L13: =INDIRECT("'"&L$8&"'!"&$A13)*VLOOKUP($D$8,Tables!$C$1:$D$3,2,0) -> 0 | ... AL13: =INDIRECT("'"&AL$8&"'!"&$A13)*VLOOKUP($D$8,Tables!$C$1:$D$3,2,0) -> 0 | AP13: =HLOOKUP(AP$8,$E$8:$AN$198,$B13,0)/HLOOKUP(AP$8,$E$8:$AN$198,$B$11,0) -> 0 | AQ13: =HLOOKUP(AQ$8,$E$8:$AN$198,$B13,0)/HLOOKUP(AQ$8,$E$8:$AN$198,$B$11,0) -> 0 | AR13: =HLOOKUP(AR$8,$E$8:$AN$198,$B13,0)/HLOOKUP(AR$8,$E$8:$AN$198,$B$11,0) -> 0 | AS13: =HLOOKUP(AS$8,$E$8:$AN$198,$B13,0)/HLOOKUP(AS$8,$E$8:$AN$198,$B$11,0) -> 0 | AT13: =HLOOKUP(AT$8,$E$8:$AN$198,$B13,0)/HLOOKUP(AT$8,$E$8:$AN$198,$B$11,0) -> 0 | AV13: =IFERROR(POWER(INDEX($E13:$AN13,AV$5)/INDEX($E13:$AN13,AV$4),1/AV$6)-1,) -> 0 | AW13: =IFERROR(POWER(INDEX($E13:$AN13,AW$5)/INDEX($E13:$AN13,AW$4),1/AW$6)-1,) -> 0 | AX13: =IFERROR(POWER(INDEX($E13:$AN13,AX$5)/INDEX($E13:$AN13,AX$4),1/AX$6)-1,) -> 0 | AY13: =IFERROR(POWER(INDEX($E13:$AN13,AY$5)/INDEX($E13:$AN13,AY$4),1/AY$6)-1,) -> 0 | AZ13: =IFERROR(POWER(INDEX($E13:$AN13,AZ$5)/INDEX($E13:$AN13,AZ$4),1/AZ$6)-1,) -> 0 | BA13: =IFERROR(POWER(INDEX($E13:$AN13,BA$5)/INDEX($E13:$AN13,BA$4),1/BA$6)-1,) -> 0
A14: =ADDRESS(MATCH($D14,'2021'!$A$1:$A$86,0),MATCH($D$10,'2021'!$A$1:$AQ$1,0)) -> $H$56 | B14: =B13+1 -> 7 | D14: Residential | E14: =INDIRECT("'"&E$8&"'!"&$A14)*VLOOKUP($D$8,Tables!$C$1:$D$3,2,0) -> 8.431436 | F14: =INDIRECT("'"&F$8&"'!"&$A14)*VLOOKUP($D$8,Tables!$C$1:$D$3,2,0) -> 7.2288156 | G14: =INDIRECT("'"&G$8&"'!"&$A14)*VLOOKUP($D$8,Tables!$C$1:$D$3,2,0) -> 7.497713 | H14: =INDIRECT("'"&H$8&"'!"&$A14)*VLOOKUP($D$8,Tables!$C$1:$D$3,2,0) -> 7.1163365 | I14: =INDIRECT("'"&I$8&"'!"&$A14)*VLOOKUP($D$8,Tables!$C$1:$D$3,2,0) -> 7.1099922 | J14: =INDIRECT("'"&J$8&"'!"&$A14)*VLOOKUP($D$8,Tables!$C$1:$D$3,2,0) -> 7.0476009 | K14: =INDIRECT("'"&K$8&"'!"&$A14)*VLOOKUP($D$8,Tables!$C$1:$D$3,2,0) -> 5.6264556 | L14: =INDIRECT("'"&L$8&"'!"&$A14)*VLOOKUP($D$8,Tables!$C$1:$D$3,2,0) -> 5.3738394 | ... AL14: =INDIRECT("'"&AL$8&"'!"&$A14)*VLOOKUP($D$8,Tables!$C$1:$D$3,2,0) -> 1.6255396 | AP14: =HLOOKUP(AP$8,$E$8:$AN$198,$B14,0)/HLOOKUP(AP$8,$E$8:$AN$198,$B$11,0) -> 0.53742827 | AQ14: =HLOOKUP(AQ$8,$E$8:$AN$198,$B14,0)/HLOOKUP(AQ$8,$E$8:$AN$198,$B$11,0) -> 0.38281824 | AR14: =HLOOKUP(AR$8,$E$8:$AN$198,$B14,0)/HLOOKUP(AR$8,$E$8:$AN$198,$B$11,0) -> 0.29577973 | AS14: =HLOOKUP(AS$8,$E$8:$AN$198,$B14,0)/HLOOKUP(AS$8,$E$8:$AN$198,$B$11,0) -> 0.47578179 | AT14: =HLOOKUP(AT$8,$E$8:$AN$198,$B14,0)/HLOOKUP(AT$8,$E$8:$AN$198,$B$11,0) -> 0.80567395 | AV14: =IFERROR(POWER(INDEX($E14:$AN14,AV$5)/INDEX($E14:$AN14,AV$4),1/AV$6)-1,) -> -0.046014489 | AW14: =IFERROR(POWER(INDEX($E14:$AN14,AW$5)/INDEX($E14:$AN14,AW$4),1/AW$6)-1,) -> -0.084732881 | AX14: =IFERROR(POWER(INDEX($E14:$AN14,AX$5)/INDEX($E14:$AN14,AX$4),1/AX$6)-1,) -> -0.0083456312 | AY14: =IFERROR(POWER(INDEX($E14:$AN14,AY$5)/INDEX($E14:$AN14,AY$4),1/AY$6)-1,) -> -0.064158606 | AZ14: =IFERROR(POWER(INDEX($E14:$AN14,AZ$5)/INDEX($E14:$AN14,AZ$4),1/AZ$6)-1,) -> -0.022039633 | BA14: =IFERROR(POWER(INDEX($E14:$AN14,BA$5)/INDEX($E14:$AN14,BA$4),1/BA$6)-1,) -> -0.036526636
A15: =ADDRESS(MATCH($D15,'2021'!$A$1:$A$86,0),MATCH($D$10,'2021'!$A$1:$AQ$1,0)) -> $H$58 | B15: =B14+1 -> 8 | D15: Commercial Services* | E15: =INDIRECT("'"&E$8&"'!"&$A15)*VLOOKUP($D$8,Tables!$C$1:$D$3,2,0) -> 0 | F15: =INDIRECT("'"&F$8&"'!"&$A15)*VLOOKUP($D$8,Tables!$C$1:$D$3,2,0) -> 0 | G15: =INDIRECT("'"&G$8&"'!"&$A15)*VLOOKUP($D$8,Tables!$C$1:$D$3,2,0) -> 0 | H15: =INDIRECT("'"&H$8&"'!"&$A15)*VLOOKUP($D$8,Tables!$C$1:$D$3,2,0) -> 0 | I15: =INDIRECT("'"&I$8&"'!"&$A15)*VLOOKUP($D$8,Tables!$C$1:$D$3,2,0) -> 0 | J15: =INDIRECT("'"&J$8&"'!"&$A15)*VLOOKUP($D$8,Tables!$C$1:$D$3,2,0) -> 0 | K15: =INDIRECT("'"&K$8&"'!"&$A15)*VLOOKUP($D$8,Tables!$C$1:$D$3,2,0) -> 0 | L15: =INDIRECT("'"&L$8&"'!"&$A15)*VLOOKUP($D$8,Tables!$C$1:$D$3,2,0) -> 0 | ... AL15: =INDIRECT("'"&AL$8&"'!"&$A15)*VLOOKUP($D$8,Tables!$C$1:$D$3,2,0) -> 0 | AP15: =HLOOKUP(AP$8,$E$8:$AN$198,$B15,0)/HLOOKUP(AP$8,$E$8:$AN$198,$B$11,0) -> 0 | AQ15: =HLOOKUP(AQ$8,$E$8:$AN$198,$B15,0)/HLOOKUP(AQ$8,$E$8:$AN$198,$B$11,0) -> 0 | AR15: =HLOOKUP(AR$8,$E$8:$AN$198,$B15,0)/HLOOKUP(AR$8,$E$8:$AN$198,$B$11,0) -> 0 | AS15: =HLOOKUP(AS$8,$E$8:$AN$198,$B15,0)/HLOOKUP(AS$8,$E$8:$AN$198,$B$11,0) -> 0 | AT15: =HLOOKUP(AT$8,$E$8:$AN$198,$B15,0)/HLOOKUP(AT$8,$E$8:$AN$198,$B$11,0) -> 0 | AV15: =IFERROR(POWER(INDEX($E15:$AN15,AV$5)/INDEX($E15:$AN15,AV$4),1/AV$6)-1,) -> 0 | AW15: =IFERROR(POWER(INDEX($E15:$AN15,AW$5)/INDEX($E15:$AN15,AW$4),1/AW$6)-1,) -> 0 | AX15: =IFERROR(POWER(INDEX($E15:$AN15,AX$5)/INDEX($E15:$AN15,AX$4),1/AX$6)-1,) -> 0 | AY15: =IFERROR(POWER(INDEX($E15:$AN15,AY$5)/INDEX($E15:$AN15,AY$4),1/AY$6)-1,) -> 0 | AZ15: =IFERROR(POWER(INDEX($E15:$AN15,AZ$5)/INDEX($E15:$AN15,AZ$4),1/AZ$6)-1,) -> 0 | BA15: =IFERROR(POWER(INDEX($E15:$AN15,BA$5)/INDEX($E15:$AN15,BA$4),1/BA$6)-1,) -> 0
A16: =ADDRESS(MATCH($D16,'2021'!$A$1:$A$86,0),MATCH($D$10,'2021'!$A$1:$AQ$1,0)) -> $H$65 | B16: =B15+1 -> 9 | D16: Public Services* | E16: =INDIRECT("'"&E$8&"'!"&$A16)*VLOOKUP($D$8,Tables!$C$1:$D$3,2,0) -> 0.37172969 | F16: =INDIRECT("'"&F$8&"'!"&$A16)*VLOOKUP($D$8,Tables!$C$1:$D$3,2,0) -> 0.33896798 | G16: =INDIRECT("'"&G$8&"'!"&$A16)*VLOOKUP($D$8,Tables!$C$1:$D$3,2,0) -> 0.16237985 | H16: =INDIRECT("'"&H$8&"'!"&$A16)*VLOOKUP($D$8,Tables!$C$1:$D$3,2,0) -> 0.16438874 | I16: =INDIRECT("'"&I$8&"'!"&$A16)*VLOOKUP($D$8,Tables!$C$1:$D$3,2,0) -> 0.12308863 | J16: =INDIRECT("'"&J$8&"'!"&$A16)*VLOOKUP($D$8,Tables!$C$1:$D$3,2,0) -> 0.065075851 | K16: =INDIRECT("'"&K$8&"'!"&$A16)*VLOOKUP($D$8,Tables!$C$1:$D$3,2,0) -> 0.17428155 | L16: =INDIRECT("'"&L$8&"'!"&$A16)*VLOOKUP($D$8,Tables!$C$1:$D$3,2,0) -> 0.12053415 | ... AL16: =INDIRECT("'"&AL$8&"'!"&$A16)*VLOOKUP($D$8,Tables!$C$1:$D$3,2,0) -> 0 | AP16: =HLOOKUP(AP$8,$E$8:$AN$198,$B16,0)/HLOOKUP(AP$8,$E$8:$AN$198,$B$11,0) -> 0.023694427 | AQ16: =HLOOKUP(AQ$8,$E$8:$AN$198,$B16,0)/HLOOKUP(AQ$8,$E$8:$AN$198,$B$11,0) -> 0.005103151 | AR16: =HLOOKUP(AR$8,$E$8:$AN$198,$B16,0)/HLOOKUP(AR$8,$E$8:$AN$198,$B$11,0) -> 0 | AS16: =HLOOKUP(AS$8,$E$8:$AN$198,$B16,0)/HLOOKUP(AS$8,$E$8:$AN$198,$B$11,0) -> 0 | AT16: =HLOOKUP(AT$8,$E$8:$AN$198,$B16,0)/HLOOKUP(AT$8,$E$8:$AN$198,$B$11,0) -> 0 | AV16: =IFERROR(POWER(INDEX($E16:$AN16,AV$5)/INDEX($E16:$AN16,AV$4),1/AV$6)-1,) -> -1 | AW16: =IFERROR(POWER(INDEX($E16:$AN16,AW$5)/INDEX($E16:$AN16,AW$4),1/AW$6)-1,) -> -0.18791803 | AX16: =IFERROR(POWER(INDEX($E16:$AN16,AX$5)/INDEX($E16:$AN16,AX$4),1/AX$6)-1,) -> -1 | AY16: =IFERROR(POWER(INDEX($E16:$AN16,AY$5)/INDEX($E16:$AN16,AY$4),1/AY$6)-1,) -> 0 | AZ16: =IFERROR(POWER(INDEX($E16:$AN16,AZ$5)/INDEX($E16:$AN16,AZ$4),1/AZ$6)-1,) -> 0 | BA16: =IFERROR(POWER(INDEX($E16:$AN16,BA$5)/INDEX($E16:$AN16,BA$4),1/BA$6)-1,) -> -1
A17: =ADDRESS(MATCH($D17,'2021'!$A$1:$A$86,0),MATCH($D$10,'2021'!$A$1:$AQ$1,0)) -> $H$70 | B17: =B16+1 -> 10 | D17: Agricultural | E17: =INDIRECT("'"&E$8&"'!"&$A17)*VLOOKUP($D$8,Tables!$C$1:$D$3,2,0) -> 0 | F17: =INDIRECT("'"&F$8&"'!"&$A17)*VLOOKUP($D$8,Tables!$C$1:$D$3,2,0) -> 0 | G17: =INDIRECT("'"&G$8&"'!"&$A17)*VLOOKUP($D$8,Tables!$C$1:$D$3,2,0) -> 0 | H17: =INDIRECT("'"&H$8&"'!"&$A17)*VLOOKUP($D$8,Tables!$C$1:$D$3,2,0) -> 0 | I17: =INDIRECT("'"&I$8&"'!"&$A17)*VLOOKUP($D$8,Tables!$C$1:$D$3,2,0) -> 0 | J17: =INDIRECT("'"&J$8&"'!"&$A17)*VLOOKUP($D$8,Tables!$C$1:$D$3,2,0) -> 0 | K17: =INDIRECT("'"&K$8&"'!"&$A17)*VLOOKUP($D$8,Tables!$C$1:$D$3,2,0) -> 0 | L17: =INDIRECT("'"&L$8&"'!"&$A17)*VLOOKUP($D$8,Tables!$C$1:$D$3,2,0) -> 0 | ... AL17: =INDIRECT("'"&AL$8&"'!"&$A17)*VLOOKUP($D$8,Tables!$C$1:$D$3,2,0) -> 0 | AP17: =HLOOKUP(AP$8,$E$8:$AN$198,$B17,0)/HLOOKUP(AP$8,$E$8:$AN$198,$B$11,0) -> 0 | AQ17: =HLOOKUP(AQ$8,$E$8:$AN$198,$B17,0)/HLOOKUP(AQ$8,$E$8:$AN$198,$B$11,0) -> 0 | AR17: =HLOOKUP(AR$8,$E$8:$AN$198,$B17,0)/HLOOKUP(AR$8,$E$8:$AN$198,$B$11,0) -> 0 | AS17: =HLOOKUP(AS$8,$E$8:$AN$198,$B17,0)/HLOOKUP(AS$8,$E$8:$AN$198,$B$11,0) -> 0 | AT17: =HLOOKUP(AT$8,$E$8:$AN$198,$B17,0)/HLOOKUP(AT$8,$E$8:$AN$198,$B$11,0) -> 0 | AV17: =IFERROR(POWER(INDEX($E17:$AN17,AV$5)/INDEX($E17:$AN17,AV$4),1/AV$6)-1,) -> 0 | AW17: =IFERROR(POWER(INDEX($E17:$AN17,AW$5)/INDEX($E17:$AN17,AW$4),1/AW$6)-1,) -> 0 | AX17: =IFERROR(POWER(INDEX($E17:$AN17,AX$5)/INDEX($E17:$AN17,AX$4),1/AX$6)-1,) -> 0 | AY17: =IFERROR(POWER(INDEX($E17:$AN17,AY$5)/INDEX($E17:$AN17,AY$4),1/AY$6)-1,) -> 0 | AZ17: =IFERROR(POWER(INDEX($E17:$AN17,AZ$5)/INDEX($E17:$AN17,AZ$4),1/AZ$6)-1,) -> 0 | BA17: =IFERROR(POWER(INDEX($E17:$AN17,BA$5)/INDEX($E17:$AN17,BA$4),1/BA$6)-1,) -> 0
A18: =ADDRESS(MATCH($D18,'2021'!$A$1:$A$86,0),MATCH($D$10,'2021'!$A$1:$AQ$1,0)) -> $H$71 | B18: =B17+1 -> 11 | D18: Fisheries | E18: =INDIRECT("'"&E$8&"'!"&$A18)*VLOOKUP($D$8,Tables!$C$1:$D$3,2,0) -> 0 | F18: =INDIRECT("'"&F$8&"'!"&$A18)*VLOOKUP($D$8,Tables!$C$1:$D$3,2,0) -> 0 | G18: =INDIRECT("'"&G$8&"'!"&$A18)*VLOOKUP($D$8,Tables!$C$1:$D$3,2,0) -> 0 | H18: =INDIRECT("'"&H$8&"'!"&$A18)*VLOOKUP($D$8,Tables!$C$1:$D$3,2,0) -> 0 | I18: =INDIRECT("'"&I$8&"'!"&$A18)*VLOOKUP($D$8,Tables!$C$1:$D$3,2,0) -> 0 | J18: =INDIRECT("'"&J$8&"'!"&$A18)*VLOOKUP($D$8,Tables!$C$1:$D$3,2,0) -> 0 | K18: =INDIRECT("'"&K$8&"'!"&$A18)*VLOOKUP($D$8,Tables!$C$1:$D$3,2,0) -> 0 | L18: =INDIRECT("'"&L$8&"'!"&$A18)*VLOOKUP($D$8,Tables!$C$1:$D$3,2,0) -> 0 | ... AL18: =INDIRECT("'"&AL$8&"'!"&$A18)*VLOOKUP($D$8,Tables!$C$1:$D$3,2,0) -> 0 | AP18: =HLOOKUP(AP$8,$E$8:$AN$198,$B18,0)/HLOOKUP(AP$8,$E$8:$AN$198,$B$11,0) -> 0 | AQ18: =HLOOKUP(AQ$8,$E$8:$AN$198,$B18,0)/HLOOKUP(AQ$8,$E$8:$AN$198,$B$11,0) -> 0 | AR18: =HLOOKUP(AR$8,$E$8:$AN$198,$B18,0)/HLOOKUP(AR$8,$E$8:$AN$198,$B$11,0) -> 0 | AS18: =HLOOKUP(AS$8,$E$8:$AN$198,$B18,0)/HLOOKUP(AS$8,$E$8:$AN$198,$B$11,0) -> 0 | AT18: =HLOOKUP(AT$8,$E$8:$AN$198,$B18,0)/HLOOKUP(AT$8,$E$8:$AN$198,$B$11,0) -> 0 | AV18: =IFERROR(POWER(INDEX($E18:$AN18,AV$5)/INDEX($E18:$AN18,AV$4),1/AV$6)-1,) -> 0 | AW18: =IFERROR(POWER(INDEX($E18:$AN18,AW$5)/INDEX($E18:$AN18,AW$4),1/AW$6)-1,) -> 0 | AX18: =IFERROR(POWER(INDEX($E18:$AN18,AX$5)/INDEX($E18:$AN18,AX$4),1/AX$6)-1,) -> 0 | AY18: =IFERROR(POWER(INDEX($E18:$AN18,AY$5)/INDEX($E18:$AN18,AY$4),1/AY$6)-1,) -> 0 | AZ18: =IFERROR(POWER(INDEX($E18:$AN18,AZ$5)/INDEX($E18:$AN18,AZ$4),1/AZ$6)-1,) -> 0 | BA18: =IFERROR(POWER(INDEX($E18:$AN18,BA$5)/INDEX($E18:$AN18,BA$4),1/BA$6)-1,) -> 0
A19: =ADDRESS(MATCH($D19,'2021'!$A$1:$A$86,0),MATCH($D$10,'2021'!$A$1:$AQ$1,0)) -> $H$10 | B19: =B18+1 -> 12 | D19: Public Thermal Power Plants (Input) | E19: =INDIRECT("'"&E$8&"'!"&$A19)*VLOOKUP($D$8,Tables!$C$1:$D$3,2,0) -> 6.8853205 | F19: =INDIRECT("'"&F$8&"'!"&$A19)*VLOOKUP($D$8,Tables!$C$1:$D$3,2,0) -> 7.1092911 | G19: =INDIRECT("'"&G$8&"'!"&$A19)*VLOOKUP($D$8,Tables!$C$1:$D$3,2,0) -> 7.2966504 | H19: =INDIRECT("'"&H$8&"'!"&$A19)*VLOOKUP($D$8,Tables!$C$1:$D$3,2,0) -> 6.5743692 | I19: =INDIRECT("'"&I$8&"'!"&$A19)*VLOOKUP($D$8,Tables!$C$1:$D$3,2,0) -> 6.7045322 | J19: =INDIRECT("'"&J$8&"'!"&$A19)*VLOOKUP($D$8,Tables!$C$1:$D$3,2,0) -> 6.5833941 | K19: =INDIRECT("'"&K$8&"'!"&$A19)*VLOOKUP($D$8,Tables!$C$1:$D$3,2,0) -> 6.615458 | L19: =INDIRECT("'"&L$8&"'!"&$A19)*VLOOKUP($D$8,Tables!$C$1:$D$3,2,0) -> 6.4515448 | ... AL19: =INDIRECT("'"&AL$8&"'!"&$A19)*VLOOKUP($D$8,Tables!$C$1:$D$3,2,0) -> 0.39207508 | AP19: =HLOOKUP(AP$8,$E$8:$AN$198,$B19,0)/HLOOKUP(AP$8,$E$8:$AN$198,$B$11,0) -> 0.4388773 | AQ19: =HLOOKUP(AQ$8,$E$8:$AN$198,$B19,0)/HLOOKUP(AQ$8,$E$8:$AN$198,$B$11,0) -> 0.61207861 | AR19: =HLOOKUP(AR$8,$E$8:$AN$198,$B19,0)/HLOOKUP(AR$8,$E$8:$AN$198,$B$11,0) -> 0.70297167 | AS19: =HLOOKUP(AS$8,$E$8:$AN$198,$B19,0)/HLOOKUP(AS$8,$E$8:$AN$198,$B$11,0) -> 0.52421821 | AT19: =HLOOKUP(AT$8,$E$8:$AN$198,$B19,0)/HLOOKUP(AT$8,$E$8:$AN$198,$B$11,0) -> 0.19432605
D20: Total | E20: =SUM(E12:E19) -> 15.688486 | F20: =SUM(F12:F19) -> 14.677075 | G20: =SUM(G12:G19) -> 14.956743 | H20: =SUM(H12:H19) -> 13.855094 | I20: =SUM(I12:I19) -> 13.937613 | J20: =SUM(J12:J19) -> 13.696071 | K20: =SUM(K12:K19) -> 12.416195 | L20: =SUM(L12:L19) -> 11.945918 | ... AL20: =SUM(AL12:AL19) -> 2.0176147 | AM20: =SUM(AM12:AM18) -> 0 | AN20: =SUM(AN12:AN18) -> 0 | AP20: =SUM(AP12:AP19) -> 1 | AQ20: =SUM(AQ12:AQ19) -> 1 | AR20: =SUM(AR12:AR19) -> 1 | AS20: =SUM(AS12:AS19) -> 1 | AT20: =SUM(AT12:AT19) -> 1 | AV20: =IFERROR(POWER(INDEX($E20:$AN20,AV$5)/INDEX($E20:$AN20,AV$4),1/AV$6)-1,) -> -0.05638549 | AW20: =IFERROR(POWER(INDEX($E20:$AN20,AW$5)/INDEX($E20:$AN20,AW$4),1/AW$6)-1,) -> -0.053151165 | AX20: =IFERROR(POWER(INDEX($E20:$AN20,AX$5)/INDEX($E20:$AN20,AX$4),1/AX$6)-1,) -> 0.010611376 | AY20: =IFERROR(POWER(INDEX($E20:$AN20,AY$5)/INDEX($E20:$AN20,AY$4),1/AY$6)-1,) -> -0.025944091 | AZ20: =IFERROR(POWER(INDEX($E20:$AN20,AZ$5)/INDEX($E20:$AN20,AZ$4),1/AZ$6)-1,) -> -0.048700328 | BA20: =IFERROR(POWER(INDEX($E20:$AN20,BA$5)/INDEX($E20:$AN20,BA$4),1/BA$6)-1,) -> -0.079010725
A24: NAMES
A25: Industry
A26: Transport
A27: Residental
A28: Commercial
A29: Public Services
A30: Agri
A31: Fisheries
A32: Power generation
B83: =B82+1 -> 1
B84: =B83+1 -> 2
B85: =B84+1 -> 3
B86: =B85+1 -> 4
B87: =B86+1 -> 5
B88: =B87+1 -> 6
B89: =B88+1 -> 7
B90: =B89+1 -> 8
B91: =B90+1 -> 9
B92: =B91+1 -> 10
B93: =B92+1 -> 11
B94: =B93+1 -> 12
... B198: =B197+1 -> 116

Sheet TS-Oil
AP4: =AP8-1990 -> 0 | AQ4: =AQ8-1990 -> 10 | AR4: =AR8-1990 -> 28 | AS4: =AS8-1990 -> 30 | AT4: =AT8-1990 -> 33 | AV4: =AV8-1990+1 -> 1 | AW4: =AW8-1990+1 -> 1 | AX4: =AX8-1990+1 -> 11 | AY4: =AY8-1990+1 -> 19 | AZ4: =AZ8-1990+1 -> 26 | BA4: =BA8-1990+1 -> 16
AV5: =AV9-1990+1 -> 33 | AW5: =AW9-1990+1 -> 11 | AX5: =AX9-1990+1 -> 19 | AY5: =AY9-1990+1 -> 23 | AZ5: =AZ9-1990+1 -> 30 | BA5: =BA9-1990+1 -> 34
AV6: =AV9-AV8 -> 32 | AW6: =AW9-AW8 -> 10 | AX6: =AX9-AX8 -> 8 | AY6: =AY9-AY8 -> 4 | AZ6: =AZ9-AZ8 -> 4 | BA6: =BA9-BA8 -> 18
E7: Time Series | AP7: % Shares | AV7: Average Annual Growth Rate %
D8: TWh | E8: 1990 | F8: =E8+1 -> 1991 | G8: =F8+1 -> 1992 | H8: =G8+1 -> 1993 | I8: =H8+1 -> 1994 | J8: =I8+1 -> 1995 | K8: =J8+1 -> 1996 | L8: =K8+1 -> 1997 | M8: =L8+1 -> 1998 | ... AL8: =AK8+1 -> 2023 | AP8: 1990 | AQ8: 2000 | AR8: 2018 | AS8: 2020 | AT8: 2023 | AV8: 1990 | AW8: 1990 | AX8: 2000 | AY8: 2008 | AZ8: 2015 | BA8: 2005
AV9: 2022 | AW9: 2000 | AX9: 2008 | AY9: 2012 | AZ9: 2019 | BA9: 2023
D10: Oil
B11: 4 | E11: =E20 -> 49.926131 | F11: =F20 -> 53.693497 | G11: =G20 -> 55.378127 | H11: =H20 -> 56.974893 | I11: =I20 -> 62.997624 | J11: =J20 -> 64.009595 | K11: =K20 -> 65.594632 | L11: =L20 -> 72.232622 | ... AL11: =AL20 -> 78.853231 | AP11: =SUM(AP12:AP19) -> 1 | AQ11: =SUM(AQ12:AQ19) -> 1 | AR11: =SUM(AR12:AR19) -> 1 | AS11: =SUM(AS12:AS19) -> 1 | AT11: =SUM(AT12:AT19) -> 1 | AV11: =IFERROR(POWER(INDEX($E11:$AN11,AV$5)/INDEX($E11:$AN11,AV$4),1/AV$6)-1,) -> 0.014836375 | AW11: =IFERROR(POWER(INDEX($E11:$AN11,AW$5)/INDEX($E11:$AN11,AW$4),1/AW$6)-1,) -> 0.065203782 | AX11: =IFERROR(POWER(INDEX($E11:$AN11,AX$5)/INDEX($E11:$AN11,AX$4),1/AX$6)-1,) -> 0.0099398879 | AY11: =IFERROR(POWER(INDEX($E11:$AN11,AY$5)/INDEX($E11:$AN11,AY$4),1/AY$6)-1,) -> -0.084652941 | AZ11: =IFERROR(POWER(INDEX($E11:$AN11,AZ$5)/INDEX($E11:$AN11,AZ$4),1/AZ$6)-1,) -> 0.019978021 | BA11: =IFERROR(POWER(INDEX($E11:$AN11,BA$5)/INDEX($E11:$AN11,BA$4),1/BA$6)-1,) -> -0.015500988
A12: =ADDRESS(MATCH($D12,'2021'!$A$1:$A$86,0),MATCH($D$10,'2021'!$A$1:$AQ$1,0)) -> $L$30 | B12: =B11+1 -> 5 | D12: Industry* | E12: =INDIRECT("'"&E$8&"'!"&$A12)*VLOOKUP($D$8,Tables!$C$1:$D$3,2,0) -> 8.49231 | F12: =INDIRECT("'"&F$8&"'!"&$A12)*VLOOKUP($D$8,Tables!$C$1:$D$3,2,0) -> 8.5658632 | G12: =INDIRECT("'"&G$8&"'!"&$A12)*VLOOKUP($D$8,Tables!$C$1:$D$3,2,0) -> 9.2151972 | H12: =INDIRECT("'"&H$8&"'!"&$A12)*VLOOKUP($D$8,Tables!$C$1:$D$3,2,0) -> 9.2542007 | I12: =INDIRECT("'"&I$8&"'!"&$A12)*VLOOKUP($D$8,Tables!$C$1:$D$3,2,0) -> 11.497516 | J12: =INDIRECT("'"&J$8&"'!"&$A12)*VLOOKUP($D$8,Tables!$C$1:$D$3,2,0) -> 11.143744 | K12: =INDIRECT("'"&K$8&"'!"&$A12)*VLOOKUP($D$8,Tables!$C$1:$D$3,2,0) -> 9.9852043 | L12: =INDIRECT("'"&L$8&"'!"&$A12)*VLOOKUP($D$8,Tables!$C$1:$D$3,2,0) -> 11.330945 | ... AL12: =INDIRECT("'"&AL$8&"'!"&$A12)*VLOOKUP($D$8,Tables!$C$1:$D$3,2,0) -> 3.9168974 | AP12: =HLOOKUP(AP$8,$E$8:$AN$198,$B12,0)/HLOOKUP(AP$8,$E$8:$AN$198,$B$11,0) -> 0.1700975 | AQ12: =HLOOKUP(AQ$8,$E$8:$AN$198,$B12,0)/HLOOKUP(AQ$8,$E$8:$AN$198,$B$11,0) -> 0.13887056 | AR12: =HLOOKUP(AR$8,$E$8:$AN$198,$B12,0)/HLOOKUP(AR$8,$E$8:$AN$198,$B$11,0) -> 0.047075278 | AS12: =HLOOKUP(AS$8,$E$8:$AN$198,$B12,0)/HLOOKUP(AS$8,$E$8:$AN$198,$B$11,0) -> 0.053367413 | AT12: =HLOOKUP(AT$8,$E$8:$AN$198,$B12,0)/HLOOKUP(AT$8,$E$8:$AN$198,$B$11,0) -> 0.049673265 | AV12: =IFERROR(POWER(INDEX($E12:$AN12,AV$5)/INDEX($E12:$AN12,AV$4),1/AV$6)-1,) -> -0.023026703 | AW12: =IFERROR(POWER(INDEX($E12:$AN12,AW$5)/INDEX($E12:$AN12,AW$4),1/AW$6)-1,) -> 0.043815939 | AX12: =IFERROR(POWER(INDEX($E12:$AN12,AX$5)/INDEX($E12:$AN12,AX$4),1/AX$6)-1,) -> -0.04609866 | AY12: =IFERROR(POWER(INDEX($E12:$AN12,AY$5)/INDEX($E12:$AN12,AY$4),1/AY$6)-1,) -> -0.18728354 | AZ12: =IFERROR(POWER(INDEX($E12:$AN12,AZ$5)/INDEX($E12:$AN12,AZ$4),1/AZ$6)-1,) -> 0.013803312 | BA12: =IFERROR(POWER(INDEX($E12:$AN12,BA$5)/INDEX($E12:$AN12,BA$4),1/BA$6)-1,) -> -0.056778932
A13: =ADDRESS(MATCH($D13,'2021'!$A$1:$A$86,0),MATCH($D$10,'2021'!$A$1:$AQ$1,0)) -> $L$45 | B13: =B12+1 -> 6 | D13: Transport | E13: =INDIRECT("'"&E$8&"'!"&$A13)*VLOOKUP($D$8,Tables!$C$1:$D$3,2,0) -> 23.462526 | F13: =INDIRECT("'"&F$8&"'!"&$A13)*VLOOKUP($D$8,Tables!$C$1:$D$3,2,0) -> 24.016688 | G13: =INDIRECT("'"&G$8&"'!"&$A13)*VLOOKUP($D$8,Tables!$C$1:$D$3,2,0) -> 25.098815 | H13: =INDIRECT("'"&H$8&"'!"&$A13)*VLOOKUP($D$8,Tables!$C$1:$D$3,2,0) -> 26.726246 | I13: =INDIRECT("'"&I$8&"'!"&$A13)*VLOOKUP($D$8,Tables!$C$1:$D$3,2,0) -> 27.015924 | J13: =INDIRECT("'"&J$8&"'!"&$A13)*VLOOKUP($D$8,Tables!$C$1:$D$3,2,0) -> 27.566059 | K13: =INDIRECT("'"&K$8&"'!"&$A13)*VLOOKUP($D$8,Tables!$C$1:$D$3,2,0) -> 30.861067 | L13: =INDIRECT("'"&L$8&"'!"&$A13)*VLOOKUP($D$8,Tables!$C$1:$D$3,2,0) -> 33.090919 | ... AL13: =INDIRECT("'"&AL$8&"'!"&$A13)*VLOOKUP($D$8,Tables!$C$1:$D$3,2,0) -> 57.036294 | AP13: =HLOOKUP(AP$8,$E$8:$AN$198,$B13,0)/HLOOKUP(AP$8,$E$8:$AN$198,$B$11,0) -> 0.4699448 | AQ13: =HLOOKUP(AQ$8,$E$8:$AN$198,$B13,0)/HLOOKUP(AQ$8,$E$8:$AN$198,$B$11,0) -> 0.50794126 | AR13: =HLOOKUP(AR$8,$E$8:$AN$198,$B13,0)/HLOOKUP(AR$8,$E$8:$AN$198,$B$11,0) -> 0.70816514 | AS13: =HLOOKUP(AS$8,$E$8:$AN$198,$B13,0)/HLOOKUP(AS$8,$E$8:$AN$198,$B$11,0) -> 0.6183634 | AT13: =HLOOKUP(AT$8,$E$8:$AN$198,$B13,0)/HLOOKUP(AT$8,$E$8:$AN$198,$B$11,0) -> 0.72332222 | AV13: =IFERROR(POWER(INDEX($E13:$AN13,AV$5)/INDEX($E13:$AN13,AV$4),1/AV$6)-1,) -> 0.027255321 | AW13: =IFERROR(POWER(INDEX($E13:$AN13,AW$5)/INDEX($E13:$AN13,AW$4),1/AW$6)-1,) -> 0.073518084 | AX13: =IFERROR(POWER(INDEX($E13:$AN13,AX$5)/INDEX($E13:$AN13,AX$4),1/AX$6)-1,) -> 0.034607696 | AY13: =IFERROR(POWER(INDEX($E13:$AN13,AY$5)/INDEX($E13:$AN13,AY$4),1/AY$6)-1,) -> -0.066775905 | AZ13: =IFERROR(POWER(INDEX($E13:$AN13,AZ$5)/INDEX($E13:$AN13,AZ$4),1/AZ$6)-1,) -> 0.019413293 | BA13: =IFERROR(POWER(INDEX($E13:$AN13,BA$5)/INDEX($E13:$AN13,BA$4),1/BA$6)-1,) -> -0.0019113399
A14: =ADDRESS(MATCH($D14,'2021'!$A$1:$A$86,0),MATCH($D$10,'2021'!$A$1:$AQ$1,0)) -> $L$56 | B14: =B13+1 -> 7 | D14: Residential | E14: =INDIRECT("'"&E$8&"'!"&$A14)*VLOOKUP($D$8,Tables!$C$1:$D$3,2,0) -> 4.5200069 | F14: =INDIRECT("'"&F$8&"'!"&$A14)*VLOOKUP($D$8,Tables!$C$1:$D$3,2,0) -> 5.0924651 | G14: =INDIRECT("'"&G$8&"'!"&$A14)*VLOOKUP($D$8,Tables!$C$1:$D$3,2,0) -> 5.1128372 | H14: =INDIRECT("'"&H$8&"'!"&$A14)*VLOOKUP($D$8,Tables!$C$1:$D$3,2,0) -> 5.4646342 | I14: =INDIRECT("'"&I$8&"'!"&$A14)*VLOOKUP($D$8,Tables!$C$1:$D$3,2,0) -> 7.2963221 | J14: =INDIRECT("'"&J$8&"'!"&$A14)*VLOOKUP($D$8,Tables!$C$1:$D$3,2,0) -> 8.1482102 | K14: =INDIRECT("'"&K$8&"'!"&$A14)*VLOOKUP($D$8,Tables!$C$1:$D$3,2,0) -> 9.1671934 | L14: =INDIRECT("'"&L$8&"'!"&$A14)*VLOOKUP($D$8,Tables!$C$1:$D$3,2,0) -> 10.202014 | ... AL14: =INDIRECT("'"&AL$8&"'!"&$A14)*VLOOKUP($D$8,Tables!$C$1:$D$3,2,0) -> 12.118637 | AP14: =HLOOKUP(AP$8,$E$8:$AN$198,$B14,0)/HLOOKUP(AP$8,$E$8:$AN$198,$B$11,0) -> 0.090533891 | AQ14: =HLOOKUP(AQ$8,$E$8:$AN$198,$B14,0)/HLOOKUP(AQ$8,$E$8:$AN$198,$B$11,0) -> 0.14134171 | AR14: =HLOOKUP(AR$8,$E$8:$AN$198,$B14,0)/HLOOKUP(AR$8,$E$8:$AN$198,$B$11,0) -> 0.17727564 | AS14: =HLOOKUP(AS$8,$E$8:$AN$198,$B14,0)/HLOOKUP(AS$8,$E$8:$AN$198,$B$11,0) -> 0.23713656 | AT14: =HLOOKUP(AT$8,$E$8:$AN$198,$B14,0)/HLOOKUP(AT$8,$E$8:$AN$198,$B$11,0) -> 0.15368599 | AV14: =IFERROR(POWER(INDEX($E14:$AN14,AV$5)/INDEX($E14:$AN14,AV$4),1/AV$6)-1,) -> 0.031396577 | AW14: =IFERROR(POWER(INDEX($E14:$AN14,AW$5)/INDEX($E14:$AN14,AW$4),1/AW$6)-1,) -> 0.11372666 | AX14: =IFERROR(POWER(INDEX($E14:$AN14,AX$5)/INDEX($E14:$AN14,AX$4),1/AX$6)-1,) -> 0.04631438 | AY14: =IFERROR(POWER(INDEX($E14:$AN14,AY$5)/INDEX($E14:$AN14,AY$4),1/AY$6)-1,) -> -0.068318838 | AZ14: =IFERROR(POWER(INDEX($E14:$AN14,AZ$5)/INDEX($E14:$AN14,AZ$4),1/AZ$6)-1,) -> 0.030042579 | BA14: =IFERROR(POWER(INDEX($E14:$AN14,BA$5)/INDEX($E14:$AN14,BA$4),1/BA$6)-1,) -> -0.020278505
A15: =ADDRESS(MATCH($D15,'2021'!$A$1:$A$86,0),MATCH($D$10,'2021'!$A$1:$AQ$1,0)) -> $L$58 | B15: =B14+1 -> 8 | D15: Commercial Services* | E15: =INDIRECT("'"&E$8&"'!"&$A15)*VLOOKUP($D$8,Tables!$C$1:$D$3,2,0) -> 3.4366389 | F15: =INDIRECT("'"&F$8&"'!"&$A15)*VLOOKUP($D$8,Tables!$C$1:$D$3,2,0) -> 3.4423633 | G15: =INDIRECT("'"&G$8&"'!"&$A15)*VLOOKUP($D$8,Tables!$C$1:$D$3,2,0) -> 3.3472069 | H15: =INDIRECT("'"&H$8&"'!"&$A15)*VLOOKUP($D$8,Tables!$C$1:$D$3,2,0) -> 3.2038903 | I15: =INDIRECT("'"&I$8&"'!"&$A15)*VLOOKUP($D$8,Tables!$C$1:$D$3,2,0) -> 3.4886656 | J15: =INDIRECT("'"&J$8&"'!"&$A15)*VLOOKUP($D$8,Tables!$C$1:$D$3,2,0) -> 3.3953372 | K15: =INDIRECT("'"&K$8&"'!"&$A15)*VLOOKUP($D$8,Tables!$C$1:$D$3,2,0) -> 2.923364 | L15: =INDIRECT("'"&L$8&"'!"&$A15)*VLOOKUP($D$8,Tables!$C$1:$D$3,2,0) -> 2.8967689 | ... AL15: =INDIRECT("'"&AL$8&"'!"&$A15)*VLOOKUP($D$8,Tables!$C$1:$D$3,2,0) -> 1.0646306 | AP15: =HLOOKUP(AP$8,$E$8:$AN$198,$B15,0)/HLOOKUP(AP$8,$E$8:$AN$198,$B$11,0) -> 0.068834473 | AQ15: =HLOOKUP(AQ$8,$E$8:$AN$198,$B15,0)/HLOOKUP(AQ$8,$E$8:$AN$198,$B$11,0) -> 0.028616226 | AR15: =HLOOKUP(AR$8,$E$8:$AN$198,$B15,0)/HLOOKUP(AR$8,$E$8:$AN$198,$B$11,0) -> 0.015422033 | AS15: =HLOOKUP(AS$8,$E$8:$AN$198,$B15,0)/HLOOKUP(AS$8,$E$8:$AN$198,$B$11,0) -> 0.017693289 | AT15: =HLOOKUP(AT$8,$E$8:$AN$198,$B15,0)/HLOOKUP(AT$8,$E$8:$AN$198,$B$11,0) -> 0.01350142 | AV15: =IFERROR(POWER(INDEX($E15:$AN15,AV$5)/INDEX($E15:$AN15,AV$4),1/AV$6)-1,) -> -0.037055087 | AW15: =IFERROR(POWER(INDEX($E15:$AN15,AW$5)/INDEX($E15:$AN15,AW$4),1/AW$6)-1,) -> -0.024306668 | AX15: =IFERROR(POWER(INDEX($E15:$AN15,AX$5)/INDEX($E15:$AN15,AX$4),1/AX$6)-1,) -> -0.041133631 | AY15: =IFERROR(POWER(INDEX($E15:$AN15,AY$5)/INDEX($E15:$AN15,AY$4),1/AY$6)-1,) -> -0.076184324 | AZ15: =IFERROR(POWER(INDEX($E15:$AN15,AZ$5)/INDEX($E15:$AN15,AZ$4),1/AZ$6)-1,) -> -0.054727727 | BA15: =IFERROR(POWER(INDEX($E15:$AN15,BA$5)/INDEX($E15:$AN15,BA$4),1/BA$6)-1,) -> -0.039970669
A16: =ADDRESS(MATCH($D16,'2021'!$A$1:$A$86,0),MATCH($D$10,'2021'!$A$1:$AQ$1,0)) -> $L$65 | B16: =B15+1 -> 9 | D16: Public Services* | E16: =INDIRECT("'"&E$8&"'!"&$A16)*VLOOKUP($D$8,Tables!$C$1:$D$3,2,0) -> 3.2157098 | F16: =INDIRECT("'"&F$8&"'!"&$A16)*VLOOKUP($D$8,Tables!$C$1:$D$3,2,0) -> 3.0777057 | G16: =INDIRECT("'"&G$8&"'!"&$A16)*VLOOKUP($D$8,Tables!$C$1:$D$3,2,0) -> 2.8849114 | H16: =INDIRECT("'"&H$8&"'!"&$A16)*VLOOKUP($D$8,Tables!$C$1:$D$3,2,0) -> 2.6658332 | I16: =INDIRECT("'"&I$8&"'!"&$A16)*VLOOKUP($D$8,Tables!$C$1:$D$3,2,0) -> 2.6791947 | J16: =INDIRECT("'"&J$8&"'!"&$A16)*VLOOKUP($D$8,Tables!$C$1:$D$3,2,0) -> 2.4955642 | K16: =INDIRECT("'"&K$8&"'!"&$A16)*VLOOKUP($D$8,Tables!$C$1:$D$3,2,0) -> 2.1042193 | L16: =INDIRECT("'"&L$8&"'!"&$A16)*VLOOKUP($D$8,Tables!$C$1:$D$3,2,0) -> 1.9561429 | ... AL16: =INDIRECT("'"&AL$8&"'!"&$A16)*VLOOKUP($D$8,Tables!$C$1:$D$3,2,0) -> 1.1985153 | AP16: =HLOOKUP(AP$8,$E$8:$AN$198,$B16,0)/HLOOKUP(AP$8,$E$8:$AN$198,$B$11,0) -> 0.064409353 | AQ16: =HLOOKUP(AQ$8,$E$8:$AN$198,$B16,0)/HLOOKUP(AQ$8,$E$8:$AN$198,$B$11,0) -> 0.018363624 | AR16: =HLOOKUP(AR$8,$E$8:$AN$198,$B16,0)/HLOOKUP(AR$8,$E$8:$AN$198,$B$11,0) -> 0.018606521 | AS16: =HLOOKUP(AS$8,$E$8:$AN$198,$B16,0)/HLOOKUP(AS$8,$E$8:$AN$198,$B$11,0) -> 0.020989589 | AT16: =HLOOKUP(AT$8,$E$8:$AN$198,$B16,0)/HLOOKUP(AT$8,$E$8:$AN$198,$B$11,0) -> 0.015199318 | AV16: =IFERROR(POWER(INDEX($E16:$AN16,AV$5)/INDEX($E16:$AN16,AV$4),1/AV$6)-1,) -> -0.030790007 | AW16: =IFERROR(POWER(INDEX($E16:$AN16,AW$5)/INDEX($E16:$AN16,AW$4),1/AW$6)-1,) -> -0.060420254 | AX16: =IFERROR(POWER(INDEX($E16:$AN16,AX$5)/INDEX($E16:$AN16,AX$4),1/AX$6)-1,) -> -0.024147804 | AY16: =IFERROR(POWER(INDEX($E16:$AN16,AY$5)/INDEX($E16:$AN16,AY$4),1/AY$6)-1,) -> -0.076905938 | AZ16: =IFERROR(POWER(INDEX($E16:$AN16,AZ$5)/INDEX($E16:$AN16,AZ$4),1/AZ$6)-1,) -> 0.0083043252 | BA16: =IFERROR(POWER(INDEX($E16:$AN16,BA$5)/INDEX($E16:$AN16,BA$4),1/BA$6)-1,) -> -0.013163627
A17: =ADDRESS(MATCH($D17,'2021'!$A$1:$A$86,0),MATCH($D$10,'2021'!$A$1:$AQ$1,0)) -> $L$70 | B17: =B16+1 -> 10 | D17: Agricultural | E17: =INDIRECT("'"&E$8&"'!"&$A17)*VLOOKUP($D$8,Tables!$C$1:$D$3,2,0) -> 2.502255 | F17: =INDIRECT("'"&F$8&"'!"&$A17)*VLOOKUP($D$8,Tables!$C$1:$D$3,2,0) -> 2.5984956 | G17: =INDIRECT("'"&G$8&"'!"&$A17)*VLOOKUP($D$8,Tables!$C$1:$D$3,2,0) -> 2.6345858 | H17: =INDIRECT("'"&H$8&"'!"&$A17)*VLOOKUP($D$8,Tables!$C$1:$D$3,2,0) -> 2.6466158 | I17: =INDIRECT("'"&I$8&"'!"&$A17)*VLOOKUP($D$8,Tables!$C$1:$D$3,2,0) -> 3.007518 | J17: =INDIRECT("'"&J$8&"'!"&$A17)*VLOOKUP($D$8,Tables!$C$1:$D$3,2,0) -> 3.4526307 | K17: =INDIRECT("'"&K$8&"'!"&$A17)*VLOOKUP($D$8,Tables!$C$1:$D$3,2,0) -> 2.7789466 | L17: =INDIRECT("'"&L$8&"'!"&$A17)*VLOOKUP($D$8,Tables!$C$1:$D$3,2,0) -> 2.8751872 | ... AL17: =INDIRECT("'"&AL$8&"'!"&$A17)*VLOOKUP($D$8,Tables!$C$1:$D$3,2,0) -> 2.6444908 | AP17: =HLOOKUP(AP$8,$E$8:$AN$198,$B17,0)/HLOOKUP(AP$8,$E$8:$AN$198,$B$11,0) -> 0.050119144 | AQ17: =HLOOKUP(AQ$8,$E$8:$AN$198,$B17,0)/HLOOKUP(AQ$8,$E$8:$AN$198,$B$11,0) -> 0.033182804 | AR17: =HLOOKUP(AR$8,$E$8:$AN$198,$B17,0)/HLOOKUP(AR$8,$E$8:$AN$198,$B$11,0) -> 0.024788911 | AS17: =HLOOKUP(AS$8,$E$8:$AN$198,$B17,0)/HLOOKUP(AS$8,$E$8:$AN$198,$B$11,0) -> 0.031056988 | AT17: =HLOOKUP(AT$8,$E$8:$AN$198,$B17,0)/HLOOKUP(AT$8,$E$8:$AN$198,$B$11,0) -> 0.033536873 | AV17: =IFERROR(POWER(INDEX($E17:$AN17,AV$5)/INDEX($E17:$AN17,AV$4),1/AV$6)-1,) -> 0.005175007 | AW17: =IFERROR(POWER(INDEX($E17:$AN17,AW$5)/INDEX($E17:$AN17,AW$4),1/AW$6)-1,) -> 0.022171206 | AX17: =IFERROR(POWER(INDEX($E17:$AN17,AX$5)/INDEX($E17:$AN17,AX$4),1/AX$6)-1,) -> 0.0039874982 | AY17: =IFERROR(POWER(INDEX($E17:$AN17,AY$5)/INDEX($E17:$AN17,AY$4),1/AY$6)-1,) -> -0.074885845 | AZ17: =IFERROR(POWER(INDEX($E17:$AN17,AZ$5)/INDEX($E17:$AN17,AZ$4),1/AZ$6)-1,) -> 0.04851913 | BA17: =IFERROR(POWER(INDEX($E17:$AN17,BA$5)/INDEX($E17:$AN17,BA$4),1/BA$6)-1,) -> -0.01165896
A18: =ADDRESS(MATCH($D18,'2021'!$A$1:$A$86,0),MATCH($D$10,'2021'!$A$1:$AQ$1,0)) -> $L$71 | B18: =B17+1 -> 11 | D18: Fisheries | E18: =INDIRECT("'"&E$8&"'!"&$A18)*VLOOKUP($D$8,Tables!$C$1:$D$3,2,0) -> 0.32943735 | F18: =INDIRECT("'"&F$8&"'!"&$A18)*VLOOKUP($D$8,Tables!$C$1:$D$3,2,0) -> 0.3560072 | G18: =INDIRECT("'"&G$8&"'!"&$A18)*VLOOKUP($D$8,Tables!$C$1:$D$3,2,0) -> 0.3791518 | H18: =INDIRECT("'"&H$8&"'!"&$A18)*VLOOKUP($D$8,Tables!$C$1:$D$3,2,0) -> 0.42432224 | I18: =INDIRECT("'"&I$8&"'!"&$A18)*VLOOKUP($D$8,Tables!$C$1:$D$3,2,0) -> 0.44222551 | J18: =INDIRECT("'"&J$8&"'!"&$A18)*VLOOKUP($D$8,Tables!$C$1:$D$3,2,0) -> 0.59460407 | K18: =INDIRECT("'"&K$8&"'!"&$A18)*VLOOKUP($D$8,Tables!$C$1:$D$3,2,0) -> 0.50737429 | L18: =INDIRECT("'"&L$8&"'!"&$A18)*VLOOKUP($D$8,Tables!$C$1:$D$3,2,0) -> 0.44735189 | ... AL18: =INDIRECT("'"&AL$8&"'!"&$A18)*VLOOKUP($D$8,Tables!$C$1:$D$3,2,0) -> 0.22851544 | AP18: =HLOOKUP(AP$8,$E$8:$AN$198,$B18,0)/HLOOKUP(AP$8,$E$8:$AN$198,$B$11,0) -> 0.0065984955 | AQ18: =HLOOKUP(AQ$8,$E$8:$AN$198,$B18,0)/HLOOKUP(AQ$8,$E$8:$AN$198,$B$11,0) -> 0.0045226898 | AR18: =HLOOKUP(AR$8,$E$8:$AN$198,$B18,0)/HLOOKUP(AR$8,$E$8:$AN$198,$B$11,0) -> 0.0038497284 | AS18: =HLOOKUP(AS$8,$E$8:$AN$198,$B18,0)/HLOOKUP(AS$8,$E$8:$AN$198,$B$11,0) -> 0.003258762 | AT18: =HLOOKUP(AT$8,$E$8:$AN$198,$B18,0)/HLOOKUP(AT$8,$E$8:$AN$198,$B$11,0) -> 0.0028979845 | AV18: =IFERROR(POWER(INDEX($E18:$AN18,AV$5)/INDEX($E18:$AN18,AV$4),1/AV$6)-1,) -> -0.015314305 | AW18: =IFERROR(POWER(INDEX($E18:$AN18,AW$5)/INDEX($E18:$AN18,AW$4),1/AW$6)-1,) -> 0.025717788 | AX18: =IFERROR(POWER(INDEX($E18:$AN18,AX$5)/INDEX($E18:$AN18,AX$4),1/AX$6)-1,) -> -0.010998748 | AY18: =IFERROR(POWER(INDEX($E18:$AN18,AY$5)/INDEX($E18:$AN18,AY$4),1/AY$6)-1,) -> -0.093949642 | AZ18: =IFERROR(POWER(INDEX($E18:$AN18,AZ$5)/INDEX($E18:$AN18,AZ$4),1/AZ$6)-1,) -> 0.028880088 | BA18: =IFERROR(POWER(INDEX($E18:$AN18,BA$5)/INDEX($E18:$AN18,BA$4),1/BA$6)-1,) -> -0.047000807
A19: =ADDRESS(MATCH($D19,'2021'!$A$1:$A$86,0),MATCH($D$10,'2021'!$A$1:$AQ$1,0)) -> $L$10 | B19: =B18+1 -> 12 | D19: Public Thermal Power Plants (Input) | E19: =INDIRECT("'"&E$8&"'!"&$A19)*VLOOKUP($D$8,Tables!$C$1:$D$3,2,0) -> 3.9672477 | F19: =INDIRECT("'"&F$8&"'!"&$A19)*VLOOKUP($D$8,Tables!$C$1:$D$3,2,0) -> 6.5439091 | G19: =INDIRECT("'"&G$8&"'!"&$A19)*VLOOKUP($D$8,Tables!$C$1:$D$3,2,0) -> 6.7054219 | H19: =INDIRECT("'"&H$8&"'!"&$A19)*VLOOKUP($D$8,Tables!$C$1:$D$3,2,0) -> 6.589151 | I19: =INDIRECT("'"&I$8&"'!"&$A19)*VLOOKUP($D$8,Tables!$C$1:$D$3,2,0) -> 7.5702578 | J19: =INDIRECT("'"&J$8&"'!"&$A19)*VLOOKUP($D$8,Tables!$C$1:$D$3,2,0) -> 7.2134447 | K19: =INDIRECT("'"&K$8&"'!"&$A19)*VLOOKUP($D$8,Tables!$C$1:$D$3,2,0) -> 7.2672625 | L19: =INDIRECT("'"&L$8&"'!"&$A19)*VLOOKUP($D$8,Tables!$C$1:$D$3,2,0) -> 9.433293 | ... AL19: =INDIRECT("'"&AL$8&"'!"&$A19)*VLOOKUP($D$8,Tables!$C$1:$D$3,2,0) -> 0.64525014 | AP19: =HLOOKUP(AP$8,$E$8:$AN$198,$B19,0)/HLOOKUP(AP$8,$E$8:$AN$198,$B$11,0) -> 0.07946235 | AQ19: =HLOOKUP(AQ$8,$E$8:$AN$198,$B19,0)/HLOOKUP(AQ$8,$E$8:$AN$198,$B$11,0) -> 0.12716113 | AR19: =HLOOKUP(AR$8,$E$8:$AN$198,$B19,0)/HLOOKUP(AR$8,$E$8:$AN$198,$B$11,0) -> 0.004816746 | AS19: =HLOOKUP(AS$8,$E$8:$AN$198,$B19,0)/HLOOKUP(AS$8,$E$8:$AN$198,$B$11,0) -> 0.018134004 | AT19: =HLOOKUP(AT$8,$E$8:$AN$198,$B19,0)/HLOOKUP(AT$8,$E$8:$AN$198,$B$11,0) -> 0.0081829259
